PostId,ParentId,Score,OwnerUserId,LastEditorUserId,LastEditorDisplayName,LastEditDate,LastActivityDate,Tags,CommentCount
3071,3061,1468,363,68707,,2017-02-22T18:10:17.887,2017-02-22T18:10:17.887,<python>,16
6700,5223,2043,NA,9420365,Jeff Atwood,2018-05-15T21:48:10.767,2018-05-15T21:48:10.767,<javascript><javascript-objects>,14
25486,25259,270,1,-1,Jeff Atwood,2017-03-20T10:29:34.383,2013-12-26T18:33:00.800,<regex><language-agnostic><seo><friendly-url><slug>,11
34658,34571,1425,3087,545127,Cem Catikkas,2017-12-14T17:14:57.340,2017-12-14T17:14:57.340,<unit-testing><tdd>,25
35314,35301,405,91,3509591,,2018-01-03T03:35:10.657,2018-01-03T03:35:10.657,<c#><php><operators>,12
38578,38549,5458,116,5441,Mark Harrison,2017-09-28T19:52:04.203,2017-09-28T19:52:04.203,<sql><database><join><inner-join><outer-join>,22
41156,41107,1407,3474,3474,erickson,2017-08-16T23:34:53.313,2017-08-16T23:34:53.313,<java><string><random><alphanumeric>,56
42918,7665,346,4421,45375,,2015-10-22T22:46:51.510,2015-10-22T22:46:51.510,<bash><shell><scripting><symlink>,17
46181,46155,3829,3880,259526,,2018-03-16T21:33:25.523,2018-03-16T21:33:25.523,<javascript><regex><validation><email><email-validation>,82
48199,48198,1701,1554,2642204,Brad Wilson,2016-08-05T10:28:25.687,2016-08-05T10:28:25.687,<windows><networking><port>,17
52713,52704,4241,5422,194894,user456814,2018-05-09T21:29:52.727,2018-05-09T21:29:52.727,<git>,25
64966,61212,7675,NA,1867857,,2016-11-16T16:06:07.313,2016-11-16T16:06:07.313,<git><branch><git-branch>,13
600306,600293,1046,893,3889449,,2018-05-16T12:49:26.707,2018-05-16T12:49:26.707,<c#><algorithm><math>,26
600612,600268,879,6899,6899,,2017-10-12T12:52:07.537,2017-10-12T12:52:07.537,<python><mkdir>,22
605858,605845,1931,28169,1380973,unwind,2017-08-01T05:52:36.053,2017-08-01T05:52:36.053,<c><malloc><casting>,41
613132,610245,941,34509,523124,litb,2016-09-02T15:50:24.260,2016-09-02T15:50:24.260,<c++><templates><typename><c++-faq><dependent-name>,12
620559,619895,249,52213,2385,Kieron,2010-10-05T18:17:30.743,2010-10-05T18:17:30.743,<asp.net-mvc><http-status-code-404>,15
624013,622982,101,3207,3207,Carl Meyer,2015-01-07T16:49:11.080,2015-01-07T16:49:11.080,<python><django><forms><django-forms>,19
625624,625433,1086,74491,59087,,2016-09-01T21:52:30.597,2016-09-01T21:52:30.597,<java><time>,12
626871,626759,889,11992,5657159,J.F. Sebastian,2018-05-14T07:50:27.920,2018-05-14T07:50:27.920,<python><list><tuples>,22
5539378,5538972,90,94197,-1,,2017-05-23T12:18:01.347,2013-03-30T12:22:09.230,<javascript><debugging><console><internet-explorer-9>,12
5573422,5573096,41,182668,514749,,2012-08-18T12:01:20.973,2012-08-18T12:01:20.973,<javascript><html><image><webp>,12
5624139,5623838,937,96100,96100,,2016-08-22T10:14:25.133,2016-08-22T10:14:25.133,<javascript><colors><hex><rgb>,11
5666430,1968017,187,439049,7108457,,2018-08-22T12:34:39.070,2018-08-22T12:34:39.070,<iphone><cocoa><cocoa-touch><uiview>,11
5683179,5683154,123,234944,209139,,2018-07-20T16:02:33.897,2018-07-20T16:02:33.897,<mysql><ubuntu>,20
5719854,1028649,1656,4682,63550,,2018-07-28T20:13:38.977,2018-07-28T20:13:38.977,<git><git-tag>,16
5767357,5767325,9065,613430,4757672,,2018-08-09T07:43:52.403,2018-08-09T07:43:52.403,<javascript><arrays>,35
5831191,5830387,279,433790,63550,,2017-03-11T02:05:38.180,2017-03-11T02:05:38.180,<php><regex><youtube>,51
5876747,5874652,1740,96100,561731,,2018-08-03T13:43:57.613,2018-08-03T13:43:57.613,<javascript><jquery><dom><attr><prop>,36
5889795,1347779,169,257550,1252541,,2015-10-27T16:37:49.853,2015-10-27T16:37:49.853,<ios><objective-c><iphone>,11
5898748,5898656,560,218196,2231819,,2018-05-28T08:04:15.907,2018-05-28T08:04:15.907,<javascript><html><css><dom>,19
5921190,600207,1532,111995,63550,,2014-11-05T18:57:14.957,2014-11-05T18:57:14.957,<android><android-service>,29
5939737,1528717,123,337062,337062,,2013-11-20T09:53:22.287,2013-11-20T09:53:22.287,<php><installation><phpunit><filepath><php-ini>,13
5947280,881515,1016,121531,740639,,2017-01-17T14:20:49.163,2017-01-17T14:20:49.163,<javascript><namespaces><javascript-namespaces>,27
5963610,5963269,1468,428790,428790,,2018-08-08T09:18:55.813,2018-08-08T09:18:55.813,<r><r-faq>,9
5965940,1397036,348,748813,3067485,,2016-10-11T13:04:43.983,2016-10-11T13:04:43.983,<php><xml><arrays><simplexml>,22
6031266,6031214,184,6309,6309,,2018-08-29T06:10:13.697,2018-08-29T06:10:13.697,<windows><git><authentication>,29
677212,592620,2313,58803,446554,,2017-09-26T23:02:09.633,2017-09-26T23:02:09.633,<bash><shell>,48
679937,679915,748,48015,214446,,2014-08-29T10:30:56.390,2014-08-29T10:30:56.390,<javascript><json>,17
682343,348170,1963,20479,63550,Rhubarb,2013-03-09T11:13:35.140,2013-03-09T11:13:35.140,<git><version-control><git-commit><git-stage>,21
690300,690251,256,81589,81589,,2012-06-25T15:03:28.687,2012-06-25T15:03:28.687,<javascript><logging><internet-explorer-8><console>,11
692329,692246,1814,69755,NA,user456814,2014-05-30T02:30:59.827,2014-05-30T02:30:59.827,<git><file><version-control><dvcs><undo>,16
6089413,6089231,97,763305,6410484,,2017-11-29T17:24:22.890,2017-11-29T17:24:22.890,<c++><ifstream><newline>,13
6117889,6117814,200,257182,257182,,2017-08-12T11:27:43.307,2017-08-12T11:27:43.307,<javascript><date>,51
6154614,194465,190,95706,95706,,2011-05-27T16:05:21.220,2011-05-27T16:05:21.220,<c++><parsing>,16
6163129,6162484,1093,471272,442945,,2015-08-13T23:24:15.540,2015-08-13T23:24:15.540,<perl><unicode><utf-8>,50
6207519,6207362,60,69802,3845019,,2016-04-14T11:32:03.233,2016-04-14T11:32:03.233,<android><android-asynctask>,14
6225706,6225351,165,765854,1033581,,2017-09-10T16:46:33.433,2017-09-10T16:46:33.433,<php><html><minify>,12
6248722,6248666,92,224671,-1,,2017-05-23T12:10:32.943,2017-02-28T09:49:46.597,<javascript><hash><guid>,14
6252782,6252678,422,203907,38896,,2013-08-22T11:02:01.507,2013-08-22T11:02:01.507,<java><datetime><jodatime>,11
6273809,6273608,143,128940,360899,,2014-05-26T16:47:44.377,2014-05-26T16:47:44.377,<command-line><parameters><makefile><arguments>,12
6364313,6364289,551,448391,8313526,,2018-04-26T01:45:55.223,2018-04-26T01:45:55.223,<jquery><html><forms>,15
6366390,6366351,124,215966,8644621,,2018-03-30T15:57:55.607,2018-03-30T15:57:55.607,<php><css><dom>,11
6394168,6393943,311,711085,711085,,2018-05-31T17:39:28.387,2018-05-31T17:39:28.387,<javascript>,17
6491621,6491463,421,6782,6782,,2016-10-10T13:40:11.940,2016-10-10T13:40:11.940,<javascript><jquery><path><nested>,19
6581949,100003,5808,9951,3599552,,2018-04-08T12:53:08.200,2018-04-08T12:53:08.200,<python><oop><metaclass><python-datamodel>,11
6593822,4616095,1788,709635,9164141,,2018-08-30T19:13:43.063,2018-08-30T19:13:43.063,<android><android-emulator><android-manifest>,18
6609998,6609895,28,286340,105066,,2011-07-08T13:36:14.433,2011-07-08T13:36:14.433,<python><string><unicode><replace>,11
6615994,5445491,648,651536,3509591,,2017-10-05T05:48:42.467,2017-10-05T05:48:42.467,<javascript><jquery><html><css><responsive-design>,28
728694,728360,1332,35881,35881,,2018-08-14T15:12:54.003,2018-08-14T15:12:54.003,<javascript><clone>,27
740431,735350,385,59389,461444,,2015-12-09T10:10:17.493,2015-12-09T10:10:17.493,<c#><asp.net><client><ip-address>,14
742047,742013,713,28401,121493,,2014-12-10T04:18:14.250,2014-12-10T04:18:14.250,<algorithm><url>,23
750506,750486,1814,86463,19068,,2018-06-06T10:19:14.187,2018-06-06T10:19:14.187,<javascript><loops><closures>,25
6677069,6677035,3507,343088,2415293,,2018-07-08T14:48:17.303,2018-07-08T14:48:17.303,<javascript><jquery>,24
6691294,6690752,157,96100,96100,,2013-10-28T10:41:44.703,2013-10-28T10:41:44.703,<javascript><jquery><contenteditable>,32
6722031,2142535,665,5628,5628,,2015-03-30T19:19:00.680,2015-03-30T19:19:00.680,<javascript><html5><canvas><html5-canvas><composite>,16
6782438,1884724,619,407731,-1,,2017-05-23T12:18:24.660,2013-06-22T10:08:08.107,<javascript><node.js><v8><evented-io>,14
6798042,6760685,396,500584,-1,,2017-05-23T12:34:51.197,2016-01-27T15:29:51.693,<python><singleton><decorator><base-class><metaclass>,24
6804718,2176861,263,140293,-1,,2017-05-23T11:47:36.153,2016-08-05T02:23:30.233,<javascript><cross-browser><clipboard>,24
6853926,849211,89,368954,2891664,,2018-04-01T00:10:18.973,2018-04-01T00:10:18.973,<language-agnostic><geometry><distance><line-segment>,11
6880421,6865194,428,405015,5771750,,2017-07-10T04:27:26.790,2017-07-10T04:27:26.790,<html><css><fluid-layout>,30
6889335,6872898,359,98117,98117,,2015-06-06T13:27:30.537,2015-06-06T13:27:30.537,<haskell><definition><strictness><weak-head-normal-form>,17
6969486,3446170,791,151312,175071,,2018-08-07T08:46:27.267,2018-08-07T08:46:27.267,<javascript><regex><escaping>,20
7010890,1265040,486,887836,2080707,,2017-03-03T12:41:15.383,2017-03-03T12:41:15.383,<git><command-line><statistics><repository>,11
772881,661018,388,18180,518853,,2015-07-22T15:32:37.433,2015-07-22T15:32:37.433,<svn><git><git-svn>,28
776523,776508,77,82673,224132,,2017-06-08T01:46:18.410,2017-06-08T01:46:18.410,<c++><c><rotation><bit-manipulation><c++-faq>,17
805508,805363,421,6277,6277,,2011-05-15T23:24:22.743,2011-05-15T23:24:22.743,<sqlite><alter-table>,17
806189,806000,2124,24587,24587,,2014-03-30T08:31:18.390,2014-03-30T08:31:18.390,<html><css><opacity>,14
7194467,7192543,88,126014,-1,,2017-05-23T12:03:06.937,2014-06-13T10:11:48.993,<c#><asp.net-mvc><asp.net-mvc-3><dependency-injection><actionfilterattribute>,15
7220510,4810841,3760,27862,2359679,,2017-05-31T10:48:56.040,2017-05-31T10:48:56.040,<javascript><json><pretty-print>,19
7261048,6850276,41,821334,-1,,2017-05-23T11:46:50.813,2017-01-30T13:45:36.993,<javascript><jquery><fileapi>,11
7287121,7263291,749,854896,-1,,2017-05-23T11:47:29.557,2015-03-05T17:00:45.497,<android><android-viewpager>,23
7297873,7131909,224,834525,834525,,2013-10-16T21:07:04.273,2013-10-16T21:07:04.273,<facebook><returnurl>,22
7335487,7335420,1145,19563,755393,,2018-07-11T18:28:37.947,2018-07-11T18:28:37.947,<git><global><gitignore>,18
7513356,7443578,288,938089,-1,,2017-05-23T12:03:07.500,2014-03-02T09:29:19.063,<javascript><youtube-api><youtube-javascript-api>,32
7525760,1125084,255,283055,184741,,2016-05-10T23:46:56.787,2016-05-10T23:46:56.787,<javascript><fullscreen>,16
7549118,7548926,238,85371,85371,,2016-03-17T23:42:29.923,2016-03-17T23:42:29.923,<git><git-branch>,13
7557433,123999,1176,139361,-1,,2017-05-23T12:34:59.060,2017-03-17T19:41:04.987,<javascript><html><firefox><dom>,34
7607853,7567404,135,188740,188740,,2014-03-24T22:45:24.527,2014-03-24T22:45:24.527,<javascript><templates><backbone.js>,14
7616484,7616461,593,495174,495174,,2017-10-11T18:23:21.847,2017-10-11T18:23:21.847,<javascript><hash>,33
7636468,2620444,796,976858,4409409,,2017-12-04T20:23:23.607,2017-12-04T20:23:23.607,<android><dialog><android-alertdialog><android-dialog><android-dialogfragment>,25
7680682,402377,174,981666,915044,,2014-08-10T22:58:51.793,2014-08-10T22:58:51.793,<shell><unix><getopt><getopts>,15
825832,825748,1081,101697,64669,,2016-01-08T15:32:57.780,2016-01-08T15:32:57.780,<ruby><command-line><rake><command-line-arguments>,14
834355,834303,1308,63557,63557,,2018-08-17T13:51:41.803,2018-08-17T13:51:41.803,<php><string>,29
840849,840781,201,103281,1453746,,2018-06-05T02:14:24.223,2018-06-05T02:14:24.223,<javascript><arrays>,11
7728728,7728478,27,76722,678093,,2016-02-04T07:10:27.817,2016-02-04T07:10:27.817,<c++><templates><containers>,16
7768006,5899783,307,266068,266068,,2018-02-16T08:51:41.153,2018-02-16T08:51:41.153,<javascript><jquery><browser-detection>,12
7785711,7785374,306,860000,860000,,2015-03-06T18:25:10.553,2015-03-06T18:25:10.553,<html><css><css-multicolumn-layout>,13
8017292,7964153,110,717416,717416,,2017-01-03T16:12:12.290,2017-01-03T16:12:12.290,<ios><performance><core-graphics><graphicscontext><quartz-core>,13
8027444,8027423,192,859154,5504438,,2016-06-14T13:31:11.743,2016-06-14T13:31:11.743,<javascript><jquery><colors>,11
8044605,8044583,846,893,15139,,2015-06-03T02:30:28.653,2015-06-03T02:30:28.653,<git><git-tag>,13
8086845,8086584,311,451475,451475,,2016-12-18T16:17:49.377,2016-12-18T16:17:49.377,<ios><objective-c><swift><nsstring><urlencode>,12
8098080,2342162,229,627042,2675154,,2018-05-26T14:57:22.503,2018-05-26T14:57:22.503,<c++><string><stl><formatting>,20
8133437,8133417,153,579718,4581003,,2017-07-28T03:56:02.093,2017-07-28T03:56:02.093,<android><android-sdcard><diskspace>,18
8217857,8208834,3,464709,464709,,2011-11-22T18:21:58.953,2011-11-22T18:21:58.953,<jquery><calendar><jquery-mobile><datebox>,11
901144,901115,7067,104014,605890,,2018-07-07T11:33:38.977,2018-07-07T11:33:38.977,<javascript><url><plugins><query-string>,48
918931,918886,942,34509,63550,,2012-03-08T20:31:44.410,2012-03-08T20:31:44.410,<bash><shell><scripting>,19
925630,753052,363,NA,-1,,2017-05-23T11:55:02.523,2015-08-27T12:05:44.163,<python><html>,18
927386,927358,19439,62130,3266847,,2018-07-03T20:58:37.373,2018-07-03T20:58:37.373,<git><git-commit><git-reset><git-revert>,28
930495,928646,124,6309,6309,,2017-11-20T09:53:03.910,2017-11-20T09:53:03.910,<git><git-merge>,25
8260383,3452546,316,1064371,234309,,2018-01-30T03:16:55.753,2018-01-30T03:16:55.753,<javascript><regex><url><youtube>,12
8295488,8238762,31,1069189,67268,,2013-07-14T20:08:59.797,2013-07-14T20:08:59.797,<jquery><jquery-mobile>,16
8313042,1167617,152,308189,308189,,2015-05-23T12:29:49.947,2015-05-23T12:29:49.947,<python><inheritance><override><self-documenting-code>,11
8407771,1184624,408,184600,37055,,2016-07-11T21:03:22.550,2016-07-11T21:03:22.550,<javascript><jquery><json><serialization>,26
8436281,6420925,285,636178,230615,,2016-11-18T23:18:16.770,2016-11-18T23:18:16.770,<ios><uiwebview>,12
8460753,1382107,38,463304,463304,,2015-03-13T17:42:36.613,2015-03-13T17:42:36.613,<javascript><exception><error-handling>,12
8483078,8481844,326,358813,-1,,2017-05-23T12:02:53.363,2013-08-16T17:10:03.967,<android><gridview>,35
8491939,8477443,6,315935,-1,,2017-05-23T10:30:21.840,2011-12-16T10:56:19.660,<jqgrid>,15
8649003,8648892,234,570118,570118,,2018-02-26T16:18:38.643,2018-02-26T16:18:38.643,<javascript><jquery><url><url-parameters><url-parsing>,22
8702291,1109061,218,330315,-1,,2017-04-13T12:42:36.310,2015-01-09T14:02:02.463,<sql><postgresql><upsert><sql-merge>,15
8758614,166221,2344,931340,6021597,,2018-03-20T06:51:09.927,2018-03-20T06:51:09.927,<javascript><jquery><ajax><asynchronous><upload>,36
933996,933850,182,82091,82091,,2011-05-24T18:56:30.583,2011-05-24T18:56:30.583,<c++><c><linux><unix><path>,15
949391,949314,2109,46058,631764,,2015-12-13T03:25:13.837,2015-12-13T03:25:13.837,<git><tfs><tfs-workitem><changeset>,15
952952,952914,3060,95810,2414957,,2017-06-14T21:53:08.463,2017-06-14T21:53:08.463,<python><list><multidimensional-array><flatten>,31
965072,965053,2843,17833,17833,,2018-04-30T13:58:25.373,2018-04-30T13:58:25.373,<bash><string><filenames>,18
8809472,105034,674,508537,799876,,2018-04-02T18:34:30.433,2018-04-02T18:34:30.433,<javascript><guid><uuid>,24
8843181,1606797,327,27862,-1,,2017-05-23T12:26:38.723,2017-03-25T13:49:52.680,<javascript><oop><class><inheritance><constructor>,20
8891890,6768793,362,175071,-1,,2017-05-23T10:31:37.937,2015-11-04T16:14:12.493,<php><url>,22
8894528,2655925,296,549848,4522954,,2015-08-06T18:59:24.423,2015-08-06T18:59:24.423,<javascript><jquery><html><css>,16
9039885,9038625,638,1029952,1633924,,2017-12-09T16:56:30.207,2017-12-09T16:56:30.207,<javascript><ios><browser><browser-feature-detection>,27
9056395,9056008,550,497756,497756,,2013-03-26T18:40:54.490,2013-03-26T18:40:54.490,<ruby><ubuntu><rvm>,19
9090128,5023514,160,579323,139361,,2014-05-27T18:02:09.260,2014-05-27T18:02:09.260,<javascript><css><javascript-events><css3><css-transitions>,11
9166671,9166400,12,190597,190597,,2012-02-07T12:22:28.727,2012-02-07T12:22:28.727,<python><png><jpeg><python-imaging-library><rgba>,14
9183272,9183178,395,773690,195835,,2017-06-09T06:49:16.193,2017-06-09T06:49:16.193,<php><http><curl>,15
9204568,46155,560,270821,270821,,2018-08-14T23:30:48.367,2018-08-14T23:30:48.367,<javascript><regex><validation><email><email-validation>,17
9308284,9279111,653,384483,2350083,,2018-02-21T19:48:27.273,2018-02-21T19:48:27.273,<android><device-detection>,34
9329476,9329446,6031,157247,157247,,2018-07-16T13:23:53.293,2018-07-16T13:23:53.293,<javascript><arrays><loops><foreach><iteration>,19
9337047,1661197,872,96656,146513,,2012-09-01T19:40:33.573,2012-09-01T19:40:33.573,<javascript><character>,21
992413,992019,429,3474,3474,,2016-07-09T18:00:40.973,2016-07-09T18:00:40.973,<java><encryption><cryptography><passwords><aes>,49
1026087,1026069,4794,48492,119775,,2018-02-14T12:22:09.977,2018-02-14T12:22:09.977,<javascript><string><capitalize><letter>,27
9370094,9320218,62,712605,-1,,2017-05-23T12:02:34.407,2013-08-24T19:33:53.800,<git>,12
9417836,9417356,44,1132499,-1,,2017-05-23T12:17:44.127,2016-10-12T13:16:36.583,<java><bufferedimage>,12
9436948,4059147,1481,1221512,1709587,,2017-02-16T19:25:21.583,2017-02-16T19:25:21.583,<javascript>,24
9462382,9461621,130,87015,87015,,2017-11-24T12:43:06.433,2017-11-24T12:43:06.433,<javascript><jquery><formatting><numbers>,13
9493060,2353211,263,650722,106092,,2017-08-03T15:33:22.767,2017-08-03T15:33:22.767,<colors><rgb><hsl>,22
9513423,9452701,2178,777186,552067,,2017-06-05T08:19:56.070,2017-06-05T08:19:56.070,<javascript><c#><algorithm><search><suffix-tree>,45
9517879,9515704,719,938089,-1,,2017-05-23T12:18:24.630,2016-10-18T18:59:54.497,<javascript><google-chrome><google-chrome-extension><youtube-api><content-script>,48
9537923,9537392,2258,106205,-1,,2018-02-05T16:10:03.333,2018-02-05T16:10:03.333,<git><branch><git-branch><git-fetch>,19
9558001,2371436,143,4279,4279,,2014-07-30T12:00:32.013,2014-07-30T12:00:32.013,<python><math>,20
9564811,9564602,62,447356,447356,,2015-11-25T14:37:57.963,2015-11-25T14:37:57.963,<javascript><browser>,27
9614662,9614622,380,31671,31671,,2013-08-18T11:15:21.733,2013-08-18T11:15:21.733,<javascript><jquery><css><visibility>,17
9832084,3987683,640,306478,306478,,2018-02-01T17:24:38.720,2018-02-01T17:24:38.720,<installation><versioning><homebrew>,15
9851769,9847580,1248,938089,3375713,,2018-08-16T10:58:14.517,2018-08-16T10:58:14.517,<javascript><browser-detection>,30
9855338,9655181,742,1284661,-1,,2017-05-23T11:55:09.530,2017-04-18T14:55:54.207,<java><bytearray><hex>,14
1060034,1060008,596,94197,436754,,2017-08-22T09:45:01.733,2017-08-22T09:45:01.733,<javascript><browser><focus><window>,46
1066603,1066589,2857,70393,4298200,,2018-04-20T16:56:35.483,2018-04-20T16:56:35.483,<java><loops><hashmap><iteration>,25
1090316,1090309,1417,NA,11722,,2016-04-22T11:11:28.233,2016-04-22T11:11:28.233,<git>,14
1091953,1091945,1159,52443,19068,,2017-02-02T13:27:27.050,2017-02-02T13:27:27.050,<xml><escaping><character>,12
1094933,1094841,389,55246,1364007,,2015-09-22T12:29:17.370,2015-09-22T12:29:17.370,<python><code-snippets><filesize>,14
9920956,1778088,642,6309,-1,,2017-05-23T12:02:47.340,2016-12-28T19:34:38.207,<git><branch><git-clone>,21
9943907,9921647,30,572644,-1,,2017-05-23T11:54:30.703,2013-04-14T19:24:57.173,<c#><.net><unit-testing><nhibernate><orm>,18
10011893,4687698,76,1059966,6568628,,2018-03-05T16:45:38.480,2018-03-05T16:45:38.480,<ipad><mobile-safari><ios><web-applications>,14
10052222,1894967,293,530658,1012053,,2017-09-14T16:32:22.207,2017-09-14T16:32:22.207,<batch-file><command-line><uac><elevated-privileges>,47
10073788,10073699,505,182668,182668,,2014-07-24T12:34:33.183,2014-07-24T12:34:33.183,<javascript><formatting>,12
10195497,10195343,213,14065,2411320,,2016-05-27T20:45:15.947,2016-05-27T20:45:15.947,<c++><file-io>,26
10209282,1795176,234,1341296,190625,,2017-01-18T08:58:20.353,2017-01-18T08:58:20.353,<mysql><directory><default>,23
10294291,10281962,1121,27862,2519416,,2015-03-16T12:25:57.923,2015-03-16T12:25:57.923,<html5><html5-validation>,21
10315969,2964678,166,624466,-1,,2017-05-23T11:46:56.480,2015-01-02T15:11:08.470,<javascript><jquery><regex><url><youtube>,20
10372280,10343913,119,938089,-1,,2017-05-23T12:09:59.730,2013-12-19T12:34:56.180,<javascript><web-worker><data-uri>,12
10407371,10407159,2094,829188,5022249,,2017-09-12T12:29:59.893,2017-09-12T12:29:59.893,<android><android-intent><android-activity><startactivityforresult>,14
1099670,979975,225,23501,363155,,2015-06-05T18:13:06.610,2015-06-05T18:13:06.610,<javascript><url>,11
1109108,1109022,4192,822,3041394,,2018-06-20T12:38:21.123,2018-06-20T12:38:21.123,<android><android-layout><android-softkeyboard><android-input-method><soft-keyboard>,37
1119324,1119289,303,905,811240,,2017-03-28T22:47:18.867,2017-03-28T22:47:18.867,<javascript><html><message><onbeforeunload><confirm>,21
1133815,1132567,152,27658,27658,,2018-01-11T21:42:54.540,2018-01-11T21:42:54.540,<java><security><encryption><configuration><cryptography>,19
1139797,1139762,3681,134482,708369,,2018-07-16T23:48:27.493,2018-07-16T23:48:27.493,<git><caching><version-control><gitignore><git-rm>,33
1143800,1143796,3547,36723,975638,,2018-03-18T23:51:30.457,2018-03-18T23:51:30.457,<git><repository><remote-server><delete-file><git-rm>,17
1144249,1068834,935,140277,-1,,2017-05-23T12:26:38.100,2016-07-15T09:48:02.267,<javascript><object><comparison><object-comparison>,21
1144788,1144783,3629,21926,507738,,2017-06-21T22:17:14.783,2017-06-21T22:17:14.783,<javascript><regex><replace>,17
1152321,1152260,252,122455,604048,,2018-06-19T08:25:17.927,2018-06-19T08:25:17.927,<sql><postgresql>,11
10516313,10516196,175,1033896,1033896,,2012-05-09T12:47:00.993,2012-05-09T12:47:00.993,<c++><std>,14
10576409,511088,151,731314,-1,,2017-05-23T12:03:05.757,2017-04-26T01:05:37.310,<javascript>,12
10689206,10689055,485,316644,316644,,2015-06-11T17:49:03.957,2015-06-11T17:49:03.957,<r><dataframe><r-faq>,15
10727155,10726909,233,1391040,519995,,2015-12-01T10:13:48.927,2015-12-01T10:13:48.927,<javascript><random>,12
10836076,932653,1292,1119621,1119621,,2016-12-22T15:17:32.357,2016-12-22T15:17:32.357,<javascript><html><forms><button><submit>,21
10869248,728360,706,1031916,31671,,2016-01-26T14:44:29.270,2016-01-26T14:44:29.270,<javascript><clone>,27
10920872,10918907,118,1109017,1109017,,2016-03-16T20:31:53.843,2016-03-16T20:31:53.843,<ffmpeg>,18
89243,89228,3552,11465,63550,,2018-06-03T14:41:52.370,2018-06-03T14:41:52.370,<python><shell><command><subprocess><external>,10
101945,101268,741,17624,247556,onnodb,2012-01-18T16:23:50.883,2012-01-18T16:23:50.883,<python><hidden-features>,16
105074,105034,1925,3560,102937,John Millikin,2018-08-31T19:51:17.603,2018-08-31T19:51:17.603,<javascript><guid><uuid>,22
106223,106179,489,6508,-1,,2012-10-31T13:57:05.460,2012-10-31T13:57:05.460,<regex><dns>,31
109025,109023,768,16881,5180989,Matt Howells,2017-08-26T21:06:22.927,2017-08-26T21:06:22.927,<algorithm><binary><bit-manipulation><hammingweight><iec10967>,31
111111,111102,6218,7441,7549483,,2018-08-25T10:40:46.053,2018-08-25T10:40:46.053,<javascript><function><variables><scope><closures>,35
119572,119559,334,13552,571433,Greg Beech,2012-11-23T02:47:07.820,2012-11-23T02:47:07.820,<c#><input><text-files>,13
122704,122102,4081,6524,3359432,John Resig,2018-03-24T15:17:12.947,2018-03-24T15:17:12.947,<javascript><object><clone>,33
122721,122616,138,9530,857156,Adam Rosenfield,2018-06-14T08:20:03.310,2018-06-14T08:20:03.310,<c><string><whitespace><trim>,24
130123,130117,168,14065,200224,Martin York,2018-02-20T09:23:26.790,2018-02-20T09:23:26.790,<c++><exception><destructor><raii>,33
133997,133925,1854,20089,773263,,2017-10-23T15:03:33.377,2017-10-23T15:03:33.377,<javascript><http><post><submit><html-form>,22
135614,134882,3405,19563,12892,Charles Bailey,2016-10-20T03:32:48.067,2016-10-20T03:32:48.067,<git><rebase><git-rebase><undo>,23
145309,143174,153,17224,-1,,2017-05-23T12:02:39.190,2013-05-31T09:16:40.693,<c++><c><current-dir>,13
1176023,1175208,569,129879,1248724,,2015-01-21T08:38:17.367,2015-01-21T08:38:17.367,<python><camelcasing>,16
1186309,1184624,1548,66617,1079267,,2017-04-19T05:41:59.833,2017-04-19T05:41:59.833,<javascript><jquery><json><serialization>,41
11013994,9538868,391,2972,2972,,2013-06-25T07:24:46.647,2013-06-25T07:24:46.647,<javascript><jquery><scroll><twitter-bootstrap>,21
11178106,11177954,1324,1247659,59087,,2018-04-15T15:00:14.103,2018-04-15T15:00:14.103,<javascript><node.js><npm>,27
11197770,11197509,452,530432,530432,,2018-08-08T15:27:41.240,2018-08-08T15:27:41.240,<ios><objective-c><iphone><ipad>,22
11227902,11227809,28708,922184,4909087,,2018-05-18T07:06:18.293,2018-05-18T07:06:18.293,<java><c++><performance><optimization><branch-prediction>,79
11252510,11235370,449,204480,14731,,2012-12-10T04:12:58.757,2012-12-10T04:12:58.757,<android><android-emulator>,12
11321508,11321491,490,541091,3478852,,2017-08-20T05:34:51.873,2017-08-20T05:34:51.873,<mysql><sql><quotes>,9
11381730,11381673,969,1061967,2577176,,2016-08-26T09:26:03.490,2016-08-26T09:26:03.490,<javascript><browser-detection><mobile-browser><platform-detection>,43
11384018,4907843,1276,510754,510754,,2017-02-28T04:50:42.137,2017-02-28T04:50:42.137,<javascript>,33
11396681,442404,1337,94197,10612,,2018-01-10T13:44:57.183,2018-01-10T13:44:57.183,<javascript><html><css><dom><position>,15
11412138,11408130,41,157882,157882,,2016-03-03T14:11:10.397,2016-03-03T14:11:10.397,<jsf><jsf-2><commandbutton><commandlink>,16
1232046,1232040,3491,113570,-1,,2017-05-23T12:34:51.197,2016-12-19T15:11:57.480,<javascript><arrays>,47
1252010,1251999,1455,2509,3889449,,2017-06-05T12:05:40.917,2017-06-05T12:05:40.917,<sed>,23
1252705,1252693,281,70393,2377343,,2018-02-22T17:16:53.843,2018-02-22T17:16:53.843,<php><string>,12
1262619,273313,930,68115,107625,,2017-11-14T06:56:11.273,2017-11-14T06:56:11.273,<c#><generic-list>,26
1262985,1262965,85,33708,1267466,,2013-10-31T09:32:50.323,2013-10-31T09:32:50.323,<c#><string><file-io><input>,22
11616535,11540880,13,844882,-1,,2017-05-23T12:33:58.123,2012-07-27T14:00:28.830,<android><android-loadermanager><android-cursorloader><asynctaskloader><android-loader>,15
11753070,11753000,1179,1438733,902276,,2016-12-23T11:08:40.660,2016-12-23T11:08:40.660,<android><android-intent><google-play>,20
11867013,11866910,344,863470,4367223,,2017-06-02T11:36:22.020,2017-06-02T11:36:22.020,<jquery><html5><validation>,16
11995662,4051883,385,1327748,-1,,2017-05-23T12:10:41.520,2013-04-05T08:21:56.890,<windows><batch-file><cmd><admin>,13
12021580,49478,647,153422,1033581,,2018-04-27T01:57:39.053,2018-04-27T01:57:39.053,<xcode><git><macos><version-control><gitignore>,54
12026863,12026842,455,508666,1921762,,2018-05-24T14:33:51.390,2018-05-24T14:33:51.390,<php><regex><email><email-validation>,13
12043228,12043187,192,6782,6782,,2016-04-06T16:34:09.223,2016-04-06T16:34:09.223,<javascript><colors>,11
12090055,4770025,376,615482,604142,,2012-11-19T21:24:07.377,2012-11-19T21:24:07.377,<javascript><jquery><scroll>,22
1270960,520237,1527,53114,230422,,2015-02-25T07:58:39.687,2015-02-25T07:58:39.687,<php><session><cookies>,39
1283189,1282364,77,154982,1033581,,2017-07-02T16:51:17.300,2017-07-02T16:51:17.300,<iphone><objective-c><cocoa-touch><debugging><exception-handling>,10
1290727,940382,1097,71116,4852410,,2016-03-04T20:50:44.097,2016-03-04T20:50:44.097,<haskell><syntax><function-composition>,13
12118602,5741187,535,338665,-1,,2017-05-23T11:55:01.607,2015-02-24T19:36:10.240,<php><mysql><sql><security><sql-injection>,13
12193309,11622652,72,709479,5076471,,2016-05-02T17:25:58.293,2016-05-02T17:25:58.293,<python><pandas><sas>,12
12201744,12201577,165,190597,1709587,,2018-02-20T22:57:17.783,2018-02-20T22:57:17.783,<python><matplotlib>,11
12283909,5554682,144,1232682,-1,,2012-10-09T14:35:24.047,2012-10-09T14:35:24.047,<android><resize><imageview>,11
12309023,12307965,86,334519,-1,,2017-05-23T11:47:17.553,2014-10-16T12:51:43.460,<scala><monads><for-comprehension><either>,12
12309296,12309269,1355,35070,-1,,2018-07-08T11:32:26.763,2018-07-08T11:32:26.763,<python><json>,18
12451465,12451431,161,100297,-1,,2017-05-23T11:47:23.237,2016-09-28T18:10:10.460,<python><json><jsonlines>,12
12476379,4750806,1645,284795,2326172,,2018-04-08T01:12:48.860,2018-04-08T01:12:48.860,<python><windows><installation><pip><easy-install>,23
12495234,3497123,218,1658147,1658147,,2013-01-26T22:01:07.490,2013-01-26T22:01:07.490,<git><bash>,9
12621264,5661671,42,885464,139361,,2014-11-07T10:30:22.027,2014-11-07T10:30:22.027,<css><html5><css3>,19
12646338,12646240,6,1133011,1133011,,2012-09-29T12:32:54.410,2012-09-29T12:32:54.410,<java><swing><jtable><jscrollpane><defaulttablemodel>,19
1334949,1334613,241,89771,1366251,,2012-08-16T20:59:24.833,2012-08-16T20:59:24.833,<php><directory><zip><directory-structure><recursion>,35
1336245,1335815,210,26428,2574612,,2018-07-24T16:35:30.607,2018-07-24T16:35:30.607,<arrays><bash><slice>,13
1374131,1374126,1093,18745,18745,,2018-01-21T16:58:21.067,2018-01-21T16:58:21.067,<javascript><arrays><concatenation>,12
12774387,12774207,567,219136,1478537,,2018-02-06T15:32:46.693,2018-02-06T15:32:46.693,<c++><c><file><stream>,12
13007325,6064510,359,185565,8572503,,2018-05-11T17:14:07.203,2018-05-11T17:14:07.203,<android><ip-address>,27
13017382,7505623,954,117193,889665,,2017-04-07T15:22:20.110,2017-04-07T15:22:20.110,<javascript><google-chrome><console>,28
13137862,13132864,978,1397351,1397351,,2015-06-10T04:58:19.340,2015-06-10T04:58:19.340,<css><css3><tooltip><css-shapes>,20
1394804,1394797,3002,112968,4475605,,2017-03-27T11:42:20.857,2017-03-27T11:42:20.857,<git><git-branch><git-stash><git-reset>,18
13274361,6048975,227,859640,859640,,2013-05-11T16:30:07.757,2013-05-11T16:30:07.757,<google-maps><google-maps-api-3>,28
13286930,13286785,34,1633117,-1,,2017-05-23T12:02:00.800,2016-06-08T07:48:55.207,<javascript><regex><vimeo>,16
13348618,4565112,243,1203457,1203457,,2018-04-23T11:43:06.057,2018-04-23T11:43:06.057,<javascript><html><google-chrome><browser-detection>,26
13351234,1043957,509,909944,909944,,2016-12-02T04:39:20.980,2016-12-02T04:39:20.980,<javascript><jquery><html><file-io><html-form>,19
13471695,8041537,142,891479,356895,,2014-12-08T13:56:21.680,2014-12-08T13:56:21.680,<android><android-drawable><android-theme><android-attributes>,14
13542669,5560248,743,693927,693927,,2018-03-10T07:44:10.900,2018-03-10T07:44:10.900,<javascript><colors><hex>,65
13578600,8430805,730,582699,2535875,,2018-06-01T11:23:07.507,2018-06-01T11:23:07.507,<java><android><back-button>,9
13654655,3642035,124,1691517,-1,,2017-05-23T10:31:31.763,2012-12-03T22:56:46.857,<jquery><html5><svg>,11
13687302,4589731,143,887836,887836,,2014-06-16T18:38:00.443,2014-06-16T18:38:00.443,<git>,28
13703725,13703647,175,393701,393701,,2018-02-07T10:29:44.043,2018-02-07T10:29:44.043,<c++><ubuntu><cmake>,12
13733588,1846202,403,1698153,1698153,,2017-06-28T17:30:57.500,2017-06-28T17:30:57.500,<php><string><random><uniqueidentifier>,29
13735425,1295584,359,1742381,1742381,,2015-06-14T13:20:48.860,2015-06-14T13:20:48.860,<javascript><arrays>,15
13809991,3667022,253,1287251,321731,,2014-07-30T17:48:48.593,2014-07-30T17:48:48.593,<android>,24
13968900,1895476,826,703717,270968,,2018-02-20T16:22:39.463,2018-02-20T16:22:39.463,<html><css><combobox><cross-browser><skinning>,16
14032965,14031763,371,832363,893612,,2018-08-11T13:32:13.660,2018-08-11T13:32:13.660,<node.js>,21
14150577,9251354,639,1085891,775283,,2018-08-02T18:41:28.943,2018-08-02T18:41:28.943,<css><html><scrollbar>,15
14174624,9853325,354,1613162,1613162,,2013-01-05T18:09:55.667,2013-01-05T18:09:55.667,<svg><imagemagick><png>,23
14185426,14111052,64,154306,283863,,2015-06-19T23:50:27.927,2015-06-19T23:50:27.927,<android><samsung-mobile><multi-window>,17
14203146,192249,1970,117471,4006322,,2018-08-18T07:27:42.910,2018-08-18T07:27:42.910,<bash><command-line><scripting><arguments>,17
14205319,14179784,59,482262,482262,,2013-01-08T09:04:28.200,2013-01-08T09:04:28.200,<python><pycrypto>,9
14220323,14220321,4703,218196,6081445,,2018-08-27T11:15:35.347,2018-08-27T11:15:35.347,<javascript><ajax><asynchronous><ecmascript-6><ecmascript-2017>,36
1501725,849211,385,167531,2891664,,2018-04-01T00:09:52.523,2018-04-01T00:09:52.523,<language-agnostic><geometry><distance><line-segment>,22
1515548,1515437,52,103206,474189,,2015-03-12T15:29:53.913,2015-03-12T15:29:53.913,<java><php><arrays><join>,22
1527820,1527803,3088,58808,6450354,,2017-05-09T05:12:51.827,2017-05-09T05:12:51.827,<javascript><random><integer>,28
1535687,1535631,795,5445,1348195,,2018-03-11T18:01:06.803,2018-03-11T18:01:06.803,<javascript><variables><static><closures>,13
14359701,8009900,10,1846968,403310,,2013-01-22T21:46:33.623,2013-01-22T21:46:33.623,<r><data.table>,15
14377185,14376807,271,1912085,1080355,,2016-08-10T13:59:06.280,2016-08-10T13:59:06.280,<java><android><string><file-io>,12
14671738,10873295,179,1349295,1349295,,2016-06-06T01:26:01.927,2016-06-06T01:26:01.927,<apache><configuration><httpd.conf><http-status-code-403>,12
14695943,14695537,206,1690078,1690078,,2017-06-05T00:57:11.913,2017-06-05T00:57:11.913,<android>,20
14717011,14712223,369,135786,5535245,,2018-03-21T22:15:33.030,2018-03-21T22:15:33.030,<javascript><angularjs><anchor><hashtag>,20
14731922,3971841,344,382536,1402846,,2018-08-09T01:46:34.497,2018-08-09T01:46:34.497,<javascript><jquery><image><resize>,15
14808425,10905312,126,1557187,1640235,,2016-08-27T21:27:48.133,2016-08-27T21:27:48.133,<android><dialog><android-fragments><fragment><dismiss>,12
14839776,1726630,41,1834212,4390133,,2016-10-25T08:42:19.947,2016-10-25T08:42:19.947,<javascript><rounding><decimal-point>,14
14853974,7837456,728,607407,875915,,2018-03-10T04:45:08.900,2018-03-10T04:45:08.900,<javascript><arrays><json>,53
14854568,10057671,1398,385378,283078,,2018-08-07T09:55:29.523,2018-08-07T09:55:29.523,<php><loops><foreach><iteration><php-internals>,14
14870531,12309269,205,237105,193892,,2018-07-12T19:24:57.537,2018-07-12T19:24:57.537,<python><json>,18
14884646,14883476,166,334865,NA,,,2013-02-14T21:46:58.447,<javascript><jquery><angularjs><angularjs-directive>,14
1547483,1547476,1141,69083,40914,,2017-10-16T21:25:25.287,2017-10-16T21:25:25.287,<c#><.net><string><split>,19
1557584,1557571,1057,28388,63550,,2017-07-15T11:44:17.393,2017-07-15T11:44:17.393,<python><time>,11
1580644,1580596,3144,893,3901591,,2017-08-01T06:21:21.390,2017-08-01T06:21:21.390,<git><ignore><chmod>,31
1598077,1595611,855,18936,18936,,2010-03-09T20:55:14.140,2010-03-09T20:55:14.140,<javascript>,25
14916454,9900311,128,910325,910325,,2015-09-25T20:39:44.183,2015-09-25T20:39:44.183,<javascript><html><css><internet-explorer-10><conditional-comments>,14
15012542,14994391,7185,259038,259038,,2015-04-17T20:38:02.487,2015-04-17T20:38:02.487,<javascript><jquery><angularjs><design>,22
15140507,1826519,152,516548,516548,,2018-05-10T03:04:35.087,2018-05-10T03:04:35.087,<r><return-value><variable-assignment><assign><multiple-results>,28
15150381,14441456,142,1661358,1661358,,2015-10-26T18:41:36.937,2015-10-26T18:41:36.937,<javascript><twitter-bootstrap><device-detection>,14
15208347,15207788,391,1218080,220005,,2016-06-27T12:16:35.533,2016-06-27T12:16:35.533,<events><angularjs><handler><directive><ready>,30
15314662,12916539,788,736809,736809,,2018-08-15T08:12:31.257,2018-08-15T08:12:31.257,<php><twitter>,73
15321456,12481639,2142,2153571,136285,,2016-01-04T09:36:14.670,2016-01-04T09:36:14.670,<git><git-commit>,27
15438863,5159185,1187,1247192,4037019,,2016-11-03T08:10:48.267,2016-11-03T08:10:48.267,<git><git-patch>,11
1600990,1600962,335,8562,52277,,2017-08-29T07:16:54.663,2017-08-29T07:16:54.663,<c#><date><time><compilation>,18
1633170,211383,1007,101290,101290,,2018-04-26T16:34:24.783,2018-04-26T16:34:24.783,<css><clearfix>,24
15605567,15605288,7,261305,261305,,2013-03-25T00:57:50.577,2013-03-25T00:57:50.577,<applescript>,12
15619098,2620444,575,579234,579234,,2017-03-17T16:32:23.553,2017-03-17T16:32:23.553,<android><dialog><android-alertdialog><android-dialog><android-dialogfragment>,21
1672349,1672338,712,770,2152082,,2018-01-30T17:35:56.707,2018-01-30T17:35:56.707,<windows><command-line><batch-file><sleep>,15
1695250,36932,2334,7980,-1,,2017-05-23T11:47:32.197,2016-10-17T14:23:10.127,<python><python-3.x><enums>,32
1705113,1160105,364,179346,57986,,2012-07-10T16:37:57.220,2012-07-10T16:37:57.220,<asp.net><asp.net-mvc><caching><browser-cache>,20
16162000,1260748,1806,6309,6309,,2018-02-18T18:33:57.507,2018-02-18T18:33:57.507,<git><git-submodules>,35
16201730,16201656,260,924299,4593781,,2017-03-13T06:46:43.227,2017-03-13T06:46:43.227,<javascript><variables><swap>,15
16242703,16242389,143,1929573,2073912,,2016-02-28T02:32:18.490,2016-02-28T02:32:18.490,<angularjs>,13
16324762,5802467,164,1454806,-1,,2017-05-23T12:10:01.113,2016-04-15T07:48:19.620,<javascript><jquery><scroll><event-bubbling><event-propagation>,22
16411103,16411056,151,1533803,3614835,,2015-02-27T00:30:19.630,2015-02-27T00:30:19.630,<android><android-layout><android-softkeyboard>,11
16562028,11686720,132,176922,176922,,2014-08-15T05:49:03.040,2014-08-15T05:49:03.040,<python><numpy>,10
16577007,16576983,319,1223693,1223693,,2015-07-04T00:36:37.210,2015-07-04T00:36:37.210,<javascript><jquery>,16
16591175,16590500,49,1837457,913223,,2018-07-18T15:54:17.060,2018-07-18T15:54:17.060,<javascript><math>,11
151946,151945,460,11138,5170004,,2017-01-12T18:58:47.397,2017-01-12T18:58:47.397,<emacs>,26
174921,18082,315,3043,3043,Joel Coehoorn,2015-01-28T20:47:01.167,2015-01-28T20:47:01.167,<javascript><validation><numbers>,14
179147,179123,14846,14113,4050023,,2018-02-05T12:01:31.150,2018-02-05T12:01:31.150,<git><git-commit><git-rewrite-history><amend>,31
196038,195951,3328,9360,8111997,,2018-03-08T12:49:27.717,2018-03-08T12:49:27.717,<javascript><html><dom>,40
1714899,1714786,647,187291,7198636,,2018-03-05T13:08:03.850,2018-03-05T13:08:03.850,<javascript><query-string><urlencode>,18
1729094,1729054,374,5874,1016580,,2015-04-23T09:54:33.833,2015-04-23T09:54:33.833,<java><maven-2><jar><packaging>,14
1739265,1739259,151,197514,4439444,,2017-09-23T14:44:14.170,2017-09-23T14:44:14.170,<c++><windows><timer>,30
1744404,198462,414,57986,1585455,,2018-06-08T16:15:04.923,2018-06-08T16:15:04.923,<html><security><http>,12
16639227,16588064,687,2021293,-1,,2017-05-23T11:47:28.910,2016-07-31T20:07:00.610,<android><actionbarsherlock><android-library><android-studio>,26
16706729,16706716,376,937892,1476062,,2014-02-10T06:44:26.613,2014-02-10T06:44:26.613,<java><switch-statement>,13
16707694,16705425,73,1832745,1832745,,2014-05-19T17:22:39.600,2014-05-19T17:22:39.600,<php><doctrine2>,13
16761459,16761458,85,1163893,1163893,,2017-12-06T15:51:16.767,2017-12-06T15:51:16.767,<python><encryption><openssl><aes><pycrypto>,14
16795664,16794695,181,1873944,4850040,,2018-03-15T15:27:18.343,2018-03-15T15:27:18.343,<c++><qt><qt5>,12
16852314,16781244,87,1237733,-1,,2017-05-23T12:02:56.390,2016-08-31T02:37:35.373,<android><caching><request><response><android-volley>,14
16861050,4068373,358,1483871,5803887,,2018-03-12T07:42:47.443,2018-03-12T07:42:47.443,<javascript>,24
16868151,16868129,53,701092,701092,,2014-02-16T22:31:24.587,2014-02-16T22:31:24.587,<c++><c++11><variadic-templates>,15
16903378,11361822,92,16185,-1,,2017-05-23T11:53:59.230,2015-09-10T15:15:52.667,<ios><safari><mobile-safari><google-chrome-devtools><web-inspector>,13
16957078,16956810,6808,2231815,2231815,,2018-01-04T03:57:06.603,2018-01-04T03:57:06.603,<linux><text><grep><directory><find>,33
17009555,14352290,382,1576184,1576184,,2018-02-04T14:42:21.470,2018-02-04T14:42:21.470,<bash><directory><ls>,13
17016257,480214,293,1219006,355230,,2018-04-16T15:57:05.127,2018-04-16T15:57:05.127,<python><list><duplicates><unique>,14
17096880,17096311,171,6309,-1,,2017-05-23T12:10:26.890,2016-01-16T00:16:18.240,<git><version-control>,11
1773257,433337,974,99532,8882062,,2018-03-26T06:30:54.470,2018-03-26T06:30:54.470,<ios><objective-c><cocoa-touch><uitextfield>,28
17224392,17223213,32,334519,334519,,2013-06-21T10:49:19.850,2013-06-21T10:49:19.850,<scala><case-class><scala-macros>,12
17299796,15005500,205,2247494,-1,,2017-05-23T11:47:32.077,2015-11-27T16:31:13.637,<javascript><jquery><ajax><cors><cross-domain>,12
17415677,17415579,114,1838763,1838763,,2017-08-30T15:29:31.467,2017-08-30T15:29:31.467,<javascript><timezone>,18
17521358,15375544,10,122422,-1,,2017-05-23T12:01:49.547,2015-07-18T02:08:07.627,<javascript><node.js>,11
17528590,17527870,1512,62055,783743,,2014-07-11T13:54:55.750,2014-07-11T13:54:55.750,<javascript><coffeescript><clipboard><trello>,21
17708801,154536,66,476920,476920,,2016-03-09T01:48:00.197,2016-03-09T01:48:00.197,<c++><urlencode><urldecode><percent-encoding>,12
1830844,18082,2766,5445,4306798,,2018-06-01T15:21:11.680,2018-06-01T15:21:11.680,<javascript><validation><numbers>,36
17803964,16736856,1160,444324,444324,,2017-12-12T06:36:55.350,2017-12-12T06:36:55.350,<git><android-studio><gitignore>,58
17836529,17836273,154,965051,965051,,2017-06-02T22:25:40.750,2017-06-02T22:25:40.750,<javascript><export-to-csv>,28
17848593,17846529,1852,NA,-1,user456814,2017-05-23T12:26:34.220,2016-04-15T21:37:34.293,<ssh><ssh-agent>,23
17864475,359424,1134,151312,-1,,2017-05-23T11:47:26.357,2015-12-03T00:25:53.283,<git><git-subtree><git-filter-branch>,35
17871737,53497,200,903194,510036,,2017-11-19T13:18:03.760,2017-11-19T13:18:03.760,<regex><networking><ipv6>,25
17890155,17886647,142,2093088,613985,,2016-05-16T20:17:44.303,2016-05-16T20:17:44.303,<django><windows><python-2.7><pip>,12
17923521,17922557,227,356079,3655,,2015-11-24T16:01:52.553,2015-11-24T16:01:52.553,<angularjs>,19
18023790,18011784,312,588267,456584,,2016-01-25T03:20:11.097,2016-01-25T03:20:11.097,<erlang><elixir>,16
18088509,18088076,104,1331415,1249740,,2016-11-27T12:05:16.337,2016-11-27T12:05:16.337,<android><android-fragments><android-viewpager>,19
18124627,17950814,37,1353267,1353267,,2013-08-08T12:59:33.563,2013-08-08T12:59:33.563,<android><c++><c++11><android-ndk>,13
18145399,13411544,1545,2071807,5085211,,2017-11-17T21:50:03.847,2017-11-17T21:50:03.847,<python><pandas><dataframe>,16
18295416,14833326,256,135786,215945,,2014-08-09T17:59:08.710,2014-08-09T17:59:08.710,<angularjs><angularjs-directive>,13
18337754,18337407,360,100297,100297,,2015-01-27T07:41:09.910,2015-01-27T07:41:09.910,<python><json><unicode><utf-8><escaping>,19
18342182,57615,93,1370541,1370541,,2017-05-28T14:47:23.567,2017-05-28T14:47:23.567,<c#><.net><console><timeout><io>,19
1912522,1912501,148,5445,1701776,,2017-11-29T17:23:42.497,2017-11-29T17:23:42.497,<javascript><html><escaping><xml-rpc>,19
1920585,352098,3765,233648,5958455,,2018-08-28T04:40:09.997,2018-08-28T04:40:09.997,<json><unix><command-line><format><pretty-print>,27
18368720,9093424,149,1002644,1317805,,2016-10-12T10:45:52.510,2016-10-12T10:45:52.510,<javascript><jquery><focus><contenteditable><caret>,19
18391901,990904,231,1879686,3318377,,2016-11-13T22:28:48.437,2016-11-13T22:28:48.437,<javascript><diacritics>,25
18609594,14430655,306,665825,1225328,,2016-01-20T12:50:37.190,2016-01-20T12:50:37.190,<javascript><recursion><angularjs>,20
18648314,1643320,384,530681,530681,,2018-06-09T18:58:48.143,2018-06-09T18:58:48.143,<javascript><date><date-format><time-format>,13
18650828,15900485,450,1596799,622813,,2017-08-23T20:21:01.080,2017-08-23T20:21:01.080,<javascript><size><byte><converter>,17
18664239,18664074,709,1512956,2737435,,2018-08-06T03:31:06.020,2018-08-06T03:31:06.020,<ruby-on-rails><postgresql>,17
18698235,10054985,94,29489,1884158,,2017-06-02T23:05:47.197,2017-06-02T23:05:47.197,<amazon-s3><amazon-web-services>,17
18746930,18746929,2273,796419,796419,,2018-01-24T05:24:23.213,2018-01-24T05:24:23.213,<ios><uitableview><autolayout><nsautolayout><row-height>,128
18839305,18838964,701,1366033,1366033,,2017-12-04T16:29:52.143,2017-12-04T16:29:52.143,<css><twitter-bootstrap><glyphicons>,18
1945023,1943576,255,126014,369,,2016-04-29T02:08:08.293,2016-04-29T02:08:08.293,<dependency-injection><inversion-of-control><unity-container><ioc-container><interface-design>,13
1961515,1960799,1354,50924,963450,,2013-09-04T08:04:00.513,2013-09-04T08:04:00.513,<git><version-control><cloud><dropbox>,34
1969339,1969232,337,18936,184201,,2015-10-28T09:06:49.163,2015-10-28T09:06:49.163,<cookies>,17
1978419,1789945,827,7012,126039,,2016-07-28T01:32:52.287,2016-07-28T01:32:52.287,<javascript><string><substring><contains><string-matching>,20
1979194,1979167,262,6309,6309,,2017-12-18T09:06:01.693,2017-12-18T09:06:01.693,<git><git-submodules>,17
19027204,19027118,68,2263359,2263359,,2017-08-01T07:26:53.077,2017-08-01T07:26:53.077,<iphone><ios><ipad><ios7>,19
19038859,19038799,486,2680216,2680216,,2015-05-12T18:29:41.433,2015-05-12T18:29:41.433,<html><css><margin><padding>,15
19095988,1274057,2031,32598,1743811,,2017-10-10T20:57:10.190,2017-10-10T20:57:10.190,<git><gitignore><git-rm>,19
19228302,19224028,256,1957251,-1,,2017-05-23T10:31:16.803,2014-07-08T04:14:50.373,<javascript><angularjs><model-view-controller><mvvm><angularjs-directive>,25
19279062,19103759,67,1143732,1143732,,2018-07-11T15:47:55.723,2018-07-11T15:47:55.723,<error-handling><ruby-on-rails-4>,16
19433086,19432773,73,1271826,1271826,,2015-05-19T21:25:44.647,2015-05-19T21:25:44.647,<uiimage><ios7><cifilter><ciimage>,15
19451842,19451715,158,2767703,1491512,,2018-04-30T19:24:26.450,2018-04-30T19:24:26.450,<android><android-activity><navigation><navigation-drawer><drawer>,60
19484146,19307341,92,132047,115145,,2014-06-16T16:57:33.480,2014-06-16T16:57:33.480,<java><android><jar><gradle><aar>,24
1988826,1988804,302,45914,752843,,2018-04-08T00:06:32.393,2018-04-08T00:06:32.393,<python><memoization>,18
2003515,2003505,17401,95592,4752883,,2018-07-06T19:08:34.570,2018-07-06T19:08:34.570,<git><git-branch><git-remote>,18
2031935,1634782,212,89771,89771,,2013-01-06T00:47:42.197,2013-01-06T00:47:42.197,<php><ip-address>,22
19533853,9457233,315,128597,128597,,2017-05-31T19:25:03.347,2017-05-31T19:25:03.347,<bash><unix>,16
19629701,19629625,-1,1334114,1334114,,2014-01-09T06:34:39.867,2014-01-09T06:34:39.867,<android><google-app-engine>,11
19647381,17922557,438,434980,3410196,,2017-11-14T13:48:16.077,2017-11-14T13:48:16.077,<angularjs>,22
19680778,8273804,180,67332,369194,,2016-05-16T16:11:19.737,2016-05-16T16:11:19.737,<php><date>,11
19897395,16839658,59,2410359,1806289,,2013-11-11T13:49:38.847,2013-11-11T13:49:38.847,<c><floating-point><printf><c99><floating-point-precision>,12
20066663,3746725,669,1010404,1157100,,2013-12-27T09:09:08.117,2013-12-27T09:09:08.117,<javascript><arrays>,11
2047657,2045904,331,126014,-1,,2017-05-23T12:09:57.963,2015-05-20T05:28:09.930,<c#><dependency-injection><inversion-of-control>,14
2049510,2049502,624,60188,-1,,2017-05-23T12:26:32.747,2017-05-20T13:51:23.887,<forms><email><email-validation><email-address>,16
2062112,1733195,111,38129,-1,,2017-05-23T12:18:07.867,2014-04-24T10:18:31.850,<android><android-intent><android-manifest>,13
2068371,2068344,3910,166339,166339,,2018-06-27T04:10:36.050,2018-06-27T04:10:36.050,<php><curl><youtube><youtube-api><youtube-data-api>,32
2068407,49547,2149,157882,4178262,,2018-08-27T16:13:48.867,2018-08-27T16:13:48.867,<http><caching><https><http-headers>,45
20452901,20451939,142,87427,-1,,2017-05-23T12:10:32.943,2017-03-13T11:25:23.033,<c#><.net><system.reactive>,15
20499803,20473004,39,557821,2942,,2018-07-21T15:27:43.263,2018-07-21T15:27:43.263,<css><wordpress><twitter-bootstrap-3><wordpress-theming>,13
20548578,20547819,840,1238019,59087,,2018-01-25T23:29:05.603,2018-01-25T23:29:05.603,<html><css><css3><twitter-bootstrap><twitter-bootstrap-3>,41
2100549,2100331,38,134633,134633,,2017-08-16T04:09:54.680,2017-08-16T04:09:54.680,<c><architecture><macros><endianness>,15
2117523,105034,3180,109538,565956,,2018-05-25T16:34:28.550,2018-05-25T16:34:28.550,<javascript><guid><uuid>,44
20653073,1967370,640,237105,237105,,2017-11-28T06:24:59.553,2017-11-28T06:24:59.553,<git>,30
20675331,20673625,470,2985303,1033581,,2017-09-10T07:51:28.730,2017-09-10T07:51:28.730,<android><gradle><android-studio><android-gradle>,29
20855353,5014823,85,1765658,214143,,2018-08-09T17:29:14.830,2018-08-09T17:29:14.830,<bash><profiling>,12
20874702,4834202,84,67332,175071,,2016-01-28T18:11:17.787,2016-01-28T18:11:17.787,<php><time>,10
20885980,4823468,1015,136815,136815,,2018-04-18T09:23:26.970,2018-04-18T09:23:26.970,<syntax><comments><markdown>,12
21015393,118241,270,2228771,6201170,,2018-04-05T18:00:44.950,2018-04-05T18:00:44.950,<javascript><textbox>,16
21049338,16736856,138,763080,2581872,,2015-11-28T21:12:03.667,2015-11-28T21:12:03.667,<git><android-studio><gitignore>,9
21079437,5685007,142,6309,-1,,2017-05-23T11:54:53.223,2017-03-27T20:50:42.143,<git>,10
21152762,901115,220,985454,985454,,2017-07-12T08:29:32.210,2017-07-12T08:29:32.210,<javascript><url><plugins><query-string>,17
2155786,2155737,503,58792,1215106,,2016-10-11T13:57:46.920,2016-10-11T13:57:46.920,<javascript><html><css>,10
2161646,2161634,147,157247,-1,,2017-05-23T11:47:28.910,2016-01-12T11:35:23.603,<javascript><dom>,12
2204253,2204250,1707,2847,5620297,,2016-02-18T14:03:34.550,2016-02-18T14:03:34.550,<javascript><jquery><checkbox>,11
2206432,2206378,277,176180,1583566,,2013-11-24T10:17:07.033,2013-11-24T10:17:07.033,<java>,20
21341372,13653358,29,45375,45375,,2015-05-04T13:04:12.847,2015-05-04T13:04:12.847,<applescript>,11
21647591,16710047,329,1600978,1600978,,2014-02-08T15:17:29.877,2014-02-08T15:17:29.877,<c++><linux><g++>,21
21653558,21646467,59,1329652,1329652,,2018-06-22T05:34:26.867,2018-06-22T05:34:26.867,<c++><multithreading><qt>,12
21684478,21683521,2,1098622,1098622,,2014-02-10T18:16:47.050,2014-02-10T18:16:47.050,<javascript><jquery><html5><css3><jquery-mobile>,15
21693931,21692646,2292,630946,-1,,2017-05-23T11:47:29.467,2016-05-24T15:09:03.700,<javascript><facebook><google-chrome-devtools>,17
21715730,12913141,798,8331,8331,,2015-06-09T08:38:15.173,2015-06-09T08:38:15.173,<node.js><npm>,27
2230464,2229757,302,70604,294317,,2016-09-30T21:05:51.633,2016-09-30T21:05:51.633,<java><maven-2><build-process><build><dependencies>,11
2257449,2257441,2071,20862,281021,,2018-08-04T07:28:53.710,2018-08-04T07:28:53.710,<python><string><random>,30
21851239,16017165,3,2075875,63550,,2016-10-15T14:58:03.180,2016-10-15T14:58:03.180,<android><textview><font-size><layoutparams>,17
21853298,19826804,277,1269037,-1,,2017-05-23T12:18:20.913,2016-05-10T14:23:10.390,<javascript><mongodb><meteor><publish-subscribe>,25
21912744,5121931,120,650222,650222,,2018-03-09T00:06:12.860,2018-03-09T00:06:12.860,<python><dictionary><serialization><yaml><pyyaml>,11
21927248,21925688,46,2695282,3307643,,2018-03-23T22:40:16.317,2018-03-23T22:40:16.317,<android><android-layout><android-intent><android-fragments><android-notifications>,16
22119674,22119673,160,1079573,1079573,,2016-08-09T15:45:16.037,2016-08-09T15:45:16.037,<javascript><html><dom>,15
22129960,6491463,124,1862234,1862234,,2018-08-15T00:59:02.500,2018-08-15T00:59:02.500,<javascript><jquery><path><nested>,11
22263990,21970406,40,331439,331439,,2014-03-08T03:57:16.470,2014-03-08T03:57:16.470,<javascript><angularjs><angular-ui><breadcrumbs>,12
217605,216823,531,13430,3919155,,2017-07-18T20:47:03.393,2017-07-18T20:47:03.393,<c++><trim><stdstring>,23
218081,217578,640,15809,15809,,2017-12-29T01:05:51.317,2017-12-29T01:05:51.317,<performance><graphics><collision-detection><polygon><point-in-polygon>,21
218510,218384,3230,27439,4161385,,2018-05-12T04:34:24.200,2018-05-12T04:34:24.200,<java><nullpointerexception>,20
223782,223652,126,11549,331137,ddaa,2011-05-14T02:22:39.937,2011-05-14T02:22:39.937,<xml><escaping><cdata>,17
223929,223918,1475,12943,2638235,,2018-03-20T13:18:12.283,2018-03-20T13:18:12.283,<java><collections>,12
236803,236129,2318,13430,102937,,2018-02-28T23:32:54.290,2018-02-28T23:32:54.290,<c++><string><split>,26
240181,229551,112,11815,874188,,2018-04-12T06:41:24.317,2018-04-12T06:41:24.317,<string><bash><substring>,13
246128,59895,5322,7412,1843978,,2018-07-14T04:57:44.310,2018-07-14T04:57:44.310,<bash><directory>,59
249126,249087,430,1199,707111,Blair Conrad,2017-05-21T21:02:40.540,2017-05-21T21:02:40.540,<.net><string><diacritics>,22
250400,249760,823,24179,6269864,,2017-07-25T11:12:30.437,2017-07-25T11:12:30.437,<c#><datetime><unix><epoch><data-conversion>,13
264037,263965,2504,27225,2632991,,2018-04-25T17:32:46.093,2018-04-25T17:32:46.093,<javascript>,37
266162,265960,633,9493,125617,,2016-11-10T00:16:02.303,2016-11-10T00:16:02.303,<python><string><punctuation>,11
271874,271526,2406,18393,1858327,Svante,2015-06-26T22:32:33.087,2015-06-26T22:32:33.087,<java><object><nullpointerexception><null>,51
2264537,2264428,1621,131527,1432614,,2018-03-04T19:44:15.657,2018-03-04T19:44:15.657,<string><bash><shell><uppercase><lowercase>,24
2286030,520650,3780,95706,-1,,2017-05-23T12:26:34.220,2013-01-08T16:45:55.663,<git><branch><git-branch>,24
22429796,1077041,167,999120,999120,,2016-12-04T06:07:12.753,2016-12-04T06:07:12.753,<javascript><image><url><refresh>,12
22555978,22545339,7,100297,100297,,2014-03-22T16:17:35.477,2014-03-22T16:17:35.477,<python><functional-programming><parameter-passing><decorator><python-decorators>,11
22588431,22579206,46,276083,276083,,2015-07-20T17:07:57.223,2015-07-20T17:07:57.223,<c#><.net><task-parallel-library><task><async-await>,17
22886730,22885995,154,1675492,1675492,,2016-03-01T22:43:49.207,2016-03-01T22:43:49.207,<json><typescript>,19
22948274,22947535,65,207051,3956566,,2018-07-04T18:43:26.573,2018-07-04T18:43:26.573,<angularjs><angularjs-directive><angularjs-scope><angular-ui>,14
2337601,433907,695,213489,6898523,,2018-01-01T09:42:23.327,2018-01-01T09:42:23.327,<ios><objective-c><app-store>,35
22966637,3955229,80,2524831,2066118,,2017-05-24T14:13:00.567,2017-05-24T14:13:00.567,<javascript><dom>,13
23245379,13499040,470,687677,6205782,,2018-03-08T16:56:59.447,2018-03-08T16:56:59.447,<html5><angularjs><seo><search-engine><google-search>,33
23267110,17206631,141,537554,537554,,2016-03-30T01:55:32.997,2016-03-30T01:55:32.997,<html><twitter-bootstrap><highcharts>,21
23341485,23340150,32,516548,516548,,2017-05-03T13:48:51.480,2017-05-03T13:48:51.480,<r><dplyr>,11
23522755,7944460,93,288906,-1,,2017-05-23T12:10:47.363,2016-12-24T04:22:33.003,<javascript><browser-detection>,11
23533575,11353075,77,1028103,1028103,,2015-05-05T01:56:30.427,2015-05-05T01:56:30.427,<android><android-fragments><back-stack>,25
23741119,23740548,79,1348195,-1,,2017-05-23T11:47:25.883,2014-05-19T15:08:50.757,<javascript><php>,11
23758876,4401232,1477,440168,440168,,2016-04-23T18:07:05.753,2016-04-23T18:07:05.753,<ios><iphone><cocoa-touch><camera><avfoundation>,33
24016254,24016142,420,1371070,2890168,,2018-08-31T16:54:18.177,2018-08-31T16:54:18.177,<ios><objective-c><macos><swift><foundation>,12
24019320,24019236,94,485119,1779477,,2014-10-18T14:43:41.717,2014-10-18T14:43:41.717,<swift><swift2>,11
24029847,24026510,535,59541,1033581,,2018-06-07T05:49:33.627,2018-06-07T05:49:33.627,<arrays><swift><shuffle>,23
24037756,24037711,1108,3576234,3576234,,2018-07-19T00:24:56.560,2018-07-19T00:24:56.560,<swift><string>,20
24045156,24044851,246,754604,2577986,,2015-09-25T00:05:57.950,2015-09-25T00:05:57.950,<swift>,13
24046979,24046164,609,716216,716216,,2016-08-16T21:47:16.727,2016-08-16T21:47:16.727,<swift>,15
24056932,24029163,223,669586,-1,,2017-05-23T12:10:41.897,2016-10-06T11:59:47.220,<string><swift>,12
24069331,24028860,611,107339,107339,,2017-03-19T09:10:18.813,2017-03-19T09:10:18.813,<arrays><swift>,17
24122445,24122288,448,88111,88111,,2018-05-31T00:26:33.123,2018-05-31T00:26:33.123,<string><character><swift>,15
24129082,24080018,233,1295344,1295344,,2014-10-09T08:04:35.030,2014-10-09T08:04:35.030,<c#><javascript><html><angularjs><asp.net-web-api>,37
24137213,24137212,59,2228559,2228559,,2015-05-16T05:07:17.170,2015-05-16T05:07:17.170,<ios><swift>,17
24144365,24092884,478,2228559,2228559,,2018-08-31T13:01:16.290,2018-08-31T13:01:16.290,<swift><string><collections><character>,24
24161872,24034043,792,1726069,1033581,,2017-07-15T06:43:03.150,2017-07-15T06:43:03.150,<swift>,16
24318861,24034544,1057,341994,341994,,2016-08-16T13:20:52.783,2016-08-16T13:20:52.783,<ios><swift><grand-central-dispatch>,28
24423833,24105390,101,158970,158970,,2017-10-24T05:15:32.623,2017-10-24T05:15:32.623,<xamarin><xamarin.forms>,21
24438395,24438170,311,413254,413254,,2014-10-17T18:46:03.703,2014-10-17T18:46:03.703,<android><android-studio><android-gradle><android-5.0-lollipop>,15
24470998,24460486,122,NA,-1,,2017-05-23T10:31:30.387,2014-07-30T09:43:36.713,<cmake>,14
24519338,4020539,78,773754,773754,,2014-07-01T22:09:03.387,2014-07-01T22:09:03.387,<python><string><escaping>,11
24629341,18813296,143,2183333,2183333,,2015-06-06T12:12:19.083,2015-06-06T12:12:19.083,<android><android-listview><scrollview>,24
2490876,2490825,408,119195,1317805,,2017-03-20T10:33:26.747,2017-03-20T10:33:26.747,<javascript><events><javascript-events><triggers><addeventlistener>,15
2513456,2513383,66,163203,163203,,2017-06-23T00:52:05.107,2017-06-23T00:52:05.107,<ruby-on-rails>,13
24777965,24777496,320,1459192,1459192,,2017-12-17T05:05:15.900,2017-12-17T05:05:15.900,<ios><string><swift><nsdate>,12
25146530,25146382,531,1187415,1187415,,2017-12-12T09:13:31.683,2017-12-12T09:13:31.683,<ios><arrays><merge><swift><append>,14
2541042,682429,120,238419,238419,,2013-06-17T06:59:28.503,2013-06-17T06:59:28.503,<.net><entity-framework><ado.net>,16
2548133,280634,1707,3055,-1,,2017-05-23T11:47:31.443,2016-09-21T17:30:41.240,<javascript><string><ends-with>,17
2551785,2551775,952,125672,2361316,,2015-11-09T14:28:51.767,2015-11-09T14:28:51.767,<c++><stl><vector>,12
2568581,2563632,1546,123109,123109,,2018-08-01T23:03:34.777,2018-08-01T23:03:34.777,<git><git-merge>,11
2569513,2569459,955,108802,108802,,2010-04-02T23:14:09.220,2010-04-02T23:14:09.220,<git><git-stash>,17
25517025,20547819,810,1725764,-1,,2017-05-23T11:33:24.883,2017-01-20T19:00:36.283,<html><css><css3><twitter-bootstrap><twitter-bootstrap-3>,29
25623647,25623272,223,1187415,1187415,,2018-03-22T13:10:15.017,2018-03-22T13:10:15.017,<ios><c><struct><swift><reachability>,20
25755864,25754147,18,451475,451475,,2017-08-22T12:55:58.913,2017-08-22T12:55:58.913,<ios><objective-c><swift><cryptography><commoncrypto>,14
2596835,2596805,2704,129190,707111,,2017-08-16T08:25:43.423,2017-08-16T08:25:43.423,<git><vim><emacs><editor><commit-message>,16
2610741,2610497,4547,299509,414385,,2018-01-07T14:00:37.287,2018-01-07T14:00:37.287,<html><css><html5><placeholder><html-input>,31
2641047,2360655,113,165737,165737,,2012-12-06T04:36:32.623,2012-12-06T04:36:32.623,<jquery>,17
2651028,2642182,478,128421,128421,,2017-10-18T00:52:41.213,2017-10-18T00:52:41.213,<ruby><sorting>,17
26196831,24471109,534,713775,1619036,,2016-09-14T06:35:48.133,2016-09-14T06:35:48.133,<android><onclick><android-recyclerview><onclicklistener>,34
26252377,26252233,665,65500,65500,,2016-01-14T08:44:14.110,2016-01-14T08:44:14.110,<ios><objective-c><swift>,19
26270721,25678373,698,265072,1371853,,2016-07-13T12:14:08.143,2016-07-13T12:14:08.143,<ios><string><swift><split>,22
26305392,24031621,260,165248,165248,,2017-02-21T18:12:08.467,2017-02-21T18:12:08.467,<swift>,11
26306372,26306326,381,1172950,1172950,,2017-09-20T06:49:29.497,2017-09-20T06:49:29.497,<ios><swift><ios8-extension>,16
26450875,26443403,311,425213,425213,,2015-05-26T13:07:13.207,2015-05-26T13:07:13.207,<android><android-5.0-lollipop><appcompat><android-toolbar>,13
2652481,2652460,297,NA,3800096,user151323,2018-08-24T15:28:32.333,2018-08-24T15:28:32.333,<c#><introspection>,18
2659808,2657935,366,193688,17428,,2017-09-30T18:42:41.527,2017-09-30T18:42:41.527,<git><shell>,12
2664746,2664740,489,131527,673282,user3104542,2017-04-04T11:12:26.160,2017-04-04T11:12:26.160,<linux><bash><unix><filenames>,14
2699159,2699086,1391,6260,635279,,2018-07-09T17:52:01.477,2018-07-09T17:52:01.477,<php><arrays><sorting><multidimensional-array>,31
2704795,2704652,612,88656,88656,,2018-05-16T14:13:07.830,2018-05-16T14:13:07.830,<oop><functional-programming><monads>,20
26599389,50467,83,2518285,7456236,,2017-06-28T08:37:42.623,2017-06-28T08:37:42.623,<ios><cocoa-touch><autolayout><uikit><uitextview>,11
26603875,23223718,116,155077,4512411,,2017-09-14T07:04:21.857,2017-09-14T07:04:21.857,<javascript><google-chrome>,12
26748694,26600263,199,844882,1016462,,2017-12-21T15:21:33.000,2017-12-21T15:21:33.000,<android><android-5.0-lollipop><shared-element-transition><activity-transition>,36
26990539,26990195,44,3835750,1692455,,2014-11-20T10:48:25.837,2014-11-20T10:48:25.837,<android>,13
27037230,24618829,946,953682,953682,,2016-10-25T11:04:51.347,2016-10-25T11:04:51.347,<android><android-recyclerview><divider>,30
2725996,2709821,385,200266,1637126,,2017-08-15T06:40:38.487,2017-08-15T06:40:38.487,<python><class><oop><self>,11
27251979,24206732,458,2385538,2385538,,2018-07-03T12:21:37.907,2018-07-03T12:21:37.907,<ios><objective-c><swift>,32
27455330,26564400,106,566127,566127,,2016-01-11T15:34:56.980,2016-01-11T15:34:56.980,<android><android-actionbar><android-5.0-lollipop><android-actionbar-compat><android-toolbar>,25
27455363,26509180,169,566127,-1,,2017-05-23T10:31:35.960,2016-12-09T16:46:51.743,<android><android-support-library><preferenceactivity><android-5.0-lollipop>,39
2768256,1495219,314,47161,1525495,,2016-10-07T08:01:11.340,2016-10-07T08:01:11.340,<javascript><jquery><internet-explorer><firefox><cross-browser>,21
27705562,27705409,82,572743,5801,,2015-01-08T13:43:38.383,2015-01-08T13:43:38.383,<c++><c><memory-management><integer-overflow>,24
27750897,27745691,10,179962,14379,,2016-02-12T01:51:41.270,2016-02-12T01:51:41.270,<junit><junit-runner>,12
28102175,16471846,114,225253,299262,,2017-09-17T03:07:47.223,2017-09-17T03:07:47.223,<iphone><ios><ipad><uitableview><autolayout>,11
28182819,28182441,182,2305521,2305521,,2018-02-15T16:56:26.773,2018-02-15T16:56:26.773,<ios><swift>,11
287944,287871,1363,19104,205580,,2016-09-02T00:01:35.187,2016-09-02T00:01:35.187,<python><unicode><terminal><ansi-colors>,20
295229,295120,122,2651243,-1,Michael,2017-05-23T12:26:36.137,2014-01-21T17:39:22.200,<c++>,13
301287,183485,39,36866,2821954,some,2017-01-21T04:20:17.260,2017-01-21T04:20:17.260,<javascript><unicode><punycode>,12
306332,306316,608,32632,32632,Kip,2017-05-07T04:24:12.460,2017-05-07T04:24:12.460,<c++><algorithm><geometry><overlap><rectangles>,16
308712,308695,299,3153,2927807,Brian R. Bondy,2015-03-16T17:31:02.773,2015-03-16T17:31:02.773,<c><string><concatenation>,14
312464,312443,2153,14343,2670439,,2017-08-19T18:23:26.923,2017-08-19T18:23:26.923,<python><list><split><chunks>,19
325528,323972,540,13618,5091738,,2018-08-14T03:56:33.677,2018-08-14T03:56:33.677,<python><multithreading><kill><terminate>,26
326440,326390,1268,3474,3474,erickson,2018-02-20T22:51:08.997,2018-02-20T22:51:08.997,<java><file><file-io><io>,26
332429,332422,1410,1790,1790,Jason Bunting,2018-02-07T00:11:23.047,2018-02-07T00:11:23.047,<javascript>,18
336868,336859,4523,24181,3367669,RoBorg,2018-05-15T09:03:16.017,2018-05-15T09:03:16.017,<javascript><function><syntax><idioms>,28
338470,338436,1350,28804,4684797,,2018-07-17T08:22:43.753,2018-07-17T08:22:43.753,<git>,30
2831379,2831361,134,67606,1692942,,2012-12-01T13:06:55.423,2012-12-01T13:06:55.423,<c><function><header-files><modular>,17
2835672,2835559,1702,254617,636626,,2018-05-04T08:22:57.200,2018-05-04T08:22:57.200,<python><json><parsing>,12
2859275,808547,384,18038,18038,,2012-10-17T16:30:24.660,2012-10-17T16:30:24.660,<ruby-on-rails>,14
2880929,901115,1634,94197,-1,,2017-05-23T12:18:30.023,2015-11-22T08:29:37.897,<javascript><url><plugins><query-string>,26
2901298,2901102,2091,28324,565877,,2017-11-21T22:16:57.397,2017-11-21T22:16:57.397,<javascript><formatting><numbers>,31
2918716,2918707,596,106224,106224,,2016-02-18T17:39:07.913,2016-02-18T17:39:07.913,<html><css><iphone><mobile-safari><css-reset>,17
29303930,20196051,29,6309,-1,,2017-05-23T11:54:55.323,2015-07-04T13:35:35.237,<windows><git><proxy><docker>,21
3013910,3012421,118,66502,1222951,,2018-06-06T12:43:03.607,2018-06-06T12:43:03.607,<python><decorator>,13
3026922,2697233,248,365000,649358,,2018-07-09T10:36:14.610,2018-07-09T10:36:14.610,<android><android-preferences>,13
3035188,2068372,113,350331,350331,,2018-05-17T02:41:40.120,2018-05-17T02:41:40.120,<python><math><optimization><primes>,12
3035268,3034874,103,91914,712308,,2013-08-25T20:43:39.233,2013-08-25T20:43:39.233,<javascript><jquery><ajax><design-patterns><queue>,15
30450559,30450434,351,870155,1971013,,2017-12-21T16:29:34.393,2017-12-21T16:29:34.393,<ios><iphone><string><swift3><uilabel>,16
30492913,30492623,274,2272172,42973,,2017-08-26T20:55:41.180,2017-08-26T20:55:41.180,<python><python-2.7><python-3.x><ipython><ipython-notebook>,33
30495399,28795476,27,1647538,436776,,2017-02-14T06:42:10.337,2017-02-14T06:42:10.337,<javascript><ios><uiwebview><mobile-safari><wkwebview>,12
3042512,3042437,2368,148870,52074,,2017-12-14T16:36:35.460,2017-12-14T16:36:35.460,<git><git-commit>,42
3046478,3046436,519,6309,463758,,2017-07-06T22:02:18.767,2017-07-06T22:02:18.767,<git><branch><git-track>,12
30810322,400212,1623,406712,6313073,,2018-04-12T18:07:06.843,2018-04-12T18:07:06.843,<javascript><clipboard><copy-paste>,47
30941356,26554894,277,366010,1609201,,2016-08-02T11:04:33.347,2016-08-02T11:04:33.347,<ios><uialertcontroller>,31
3106909,3106452,1633,157882,157882,,2017-11-05T14:25:29.483,2017-11-05T14:25:29.483,<java><multithreading><servlets><session-variables><instance-variables>,16
3145655,3145089,877,95313,95313,,2013-06-25T09:33:30.583,2013-06-25T09:33:30.583,<android><geolocation><location><latitude-longitude>,51
31309996,31295116,115,379693,1144624,,2016-05-27T16:21:53.940,2016-05-27T16:21:53.940,<android><androiddesignsupport><android-tablayout>,11
32022946,31897189,55,4328123,4328123,,2016-06-10T01:10:08.220,2016-06-10T01:10:08.220,<android><caching><android-volley>,32
32253142,31972968,319,168939,-1,,2017-05-23T12:02:46.810,2015-08-27T15:10:34.360,<ruby><macos><rubygems>,11
3207973,3207219,2879,346573,562769,,2015-11-22T06:56:17.503,2015-11-22T06:56:17.503,<python><directory>,14
3233356,3232943,185,95810,5952681,,2018-03-12T17:51:31.923,2018-03-12T17:51:31.923,<python>,15
32749533,31089801,154,216012,216012,,2017-01-20T14:59:09.937,2017-01-20T14:59:09.937,<javascript><ecmascript-6><babeljs><transpiler>,21
32841164,391979,208,3074768,8756681,,2018-06-06T14:28:38.777,2018-06-06T14:28:38.777,<javascript><jquery><ip-address>,13
3278427,3258243,689,381619,381619,,2017-08-17T20:32:08.227,2017-08-17T20:32:08.227,<git><bash><shell>,26
3279550,3279543,1856,87234,-1,,2017-05-23T12:10:54.780,2016-09-30T09:30:29.847,<c++><copy-constructor><assignment-operator><c++-faq><copy-and-swap>,110
33036344,32982237,10,458193,458193,,2015-10-10T10:24:44.287,2015-10-10T10:24:44.287,<javascript><redux>,11
3335420,1043339,254,43965,43965,,2015-08-04T09:29:24.073,2015-08-04T09:29:24.073,<javascript><localization><internationalization>,16
3354511,824349,1641,160173,-1,,2017-05-23T12:18:24.630,2015-01-13T17:58:24.837,<javascript><html><url><url-rewriting><friendly-url>,26
33534187,33422681,99,1006521,1006521,,2017-02-07T21:26:36.617,2017-02-07T21:26:36.617,<xcode><xcode7><xcode-ui-testing>,12
353073,325426,604,11361,991609,,2017-11-23T10:32:39.847,2017-11-23T10:32:39.847,<c#><reflection><default>,12
359910,359788,1233,1790,542251,Jason Bunting,2018-08-28T08:34:07.853,2018-08-28T08:34:07.853,<javascript>,22
363692,363681,3279,462,462,Greg Case,2018-01-04T07:02:27.343,2018-01-04T07:02:27.343,<java><random><integer>,15
377028,377017,298,20840,2478767,Jay,2017-11-10T11:08:33.337,2017-11-10T11:08:33.337,<python><path>,13
381275,381265,246,29,475876,Michael Haren,2018-06-14T04:58:21.073,2018-06-14T04:58:21.073,<php><validation>,12
381549,381542,1713,33708,3889449,Mehrdad Afshari,2016-11-30T10:47:52.610,2016-11-30T10:47:52.610,<c><arrays><pointers><pointer-arithmetic>,38
383503,383402,584,811,-1,Shog9,2017-05-23T12:18:25.473,2015-12-14T16:11:24.003,<javascript>,25
384380,384286,240,36866,8554766,some,2017-11-21T09:43:29.167,2017-11-21T09:43:29.167,<javascript><dom><object>,12
385491,385367,512,36866,1561148,some,2017-06-08T18:23:37.717,2017-06-08T18:23:37.717,<http><browser><caching><cross-browser><refresh>,11
3368118,1255512,259,227299,227299,,2017-06-05T16:12:54.073,2017-06-05T16:12:54.073,<html5><canvas>,13
3377682,3352664,1693,305431,1438393,,2014-06-04T06:16:39.033,2014-06-04T06:16:39.033,<xcode><frameworks><xcode4>,24
3390426,3390396,2172,165737,401095,,2014-07-01T11:28:30.727,2014-07-01T11:28:30.727,<javascript><undefined>,25
3418285,3418231,235,309308,NA,user283145,2013-08-28T17:37:34.807,2013-08-28T17:37:34.807,<c++><string><replace><substring><std>,11
34599594,34570758,435,458193,-1,,2017-05-23T12:02:59.213,2016-02-24T15:40:09.820,<javascript><asynchronous><reactjs><redux><redux-thunk>,20
3422740,3422685,124,87699,87699,,2016-08-06T15:17:18.610,2016-08-06T15:17:18.610,<python><python-2.7>,11
3430395,3430372,1014,7432,7432,,2015-10-25T20:25:24.027,2015-10-25T20:25:24.027,<python><filesystems>,17
3437484,3437404,291,243613,3478852,,2014-11-02T18:07:04.307,2014-11-02T18:07:04.307,<c><max><min><c-preprocessor>,16
3489099,3488042,332,359307,1429450,,2018-05-09T11:17:47.583,2018-05-09T11:17:47.583,<pdf><fonts><ghostscript><true-type-fonts><embedded-fonts>,23
3492815,610406,93,230340,63550,,2014-07-10T23:49:12.807,2014-07-10T23:49:12.807,<javascript><printf><string.format>,9
3506039,3505930,448,272824,974045,,2018-03-19T21:13:46.913,2018-03-19T21:13:46.913,<android><httpwebrequest><androidhttpclient>,17
35415559,35411423,2014,458193,2172260,,2016-10-20T02:28:06.717,2016-10-20T02:28:06.717,<javascript><timeout><redux>,22
3540295,3514784,1748,427242,5781745,,2018-03-30T21:08:35.590,2018-03-30T21:08:35.590,<javascript><jquery><mobile><browser-detection>,35
3542752,3542717,13,53114,53114,,2010-08-22T18:49:58.493,2010-08-22T18:49:58.493,<php><regex><string><ascii>,12
3549021,477572,354,428556,1246639,,2014-03-20T06:18:29.237,2014-03-20T06:18:29.237,<android><image><bitmap><out-of-memory><android-bitmap>,28
3561399,3561381,965,157882,457268,,2016-10-10T14:57:40.307,2016-10-10T14:57:40.307,<http><http-headers>,16
3608791,75980,1820,16686,5894241,,2018-08-06T06:36:54.823,2018-08-06T06:36:54.823,<javascript><encoding><query-string>,16
3624358,3624280,770,306602,2219237,,2016-09-14T09:10:06.630,2016-09-14T09:10:06.630,<android><sharedpreferences>,14
3638271,3139619,551,285694,285694,,2015-06-10T20:33:41.677,2015-06-10T20:33:41.677,<objective-c><cocoa><email><email-validation>,48
36454808,32758811,94,267851,341994,,2017-04-28T21:20:52.660,2017-04-28T21:20:52.660,<swift><swift2><foundation>,11
36796281,36795819,1320,458193,5423108,,2017-06-30T15:08:59.273,2017-06-30T15:08:59.273,<javascript><import><ecmascript-6>,14
37420341,37416424,10,85785,85785,,2016-05-25T08:46:25.070,2016-05-25T08:46:25.070,<ormlite-servicestack>,12
3755343,3755227,10,113716,263004,,2012-07-16T23:23:22.893,2012-07-16T23:23:22.893,<javascript>,19
3758880,3758606,1103,276052,276052,,2016-10-29T03:58:01.857,2016-10-29T03:58:01.857,<java><formatting><apache-commons>,17
3764660,3764291,104,190597,190597,,2016-10-22T13:23:46.320,2016-10-22T13:23:46.320,<python><networking>,17
3802238,3802192,232,18771,18771,,2012-02-20T09:55:36.310,2012-02-20T09:55:36.310,<java><regex>,19
38343753,38343186,21,1187415,1187415,,2016-10-12T08:01:59.790,2016-10-12T08:01:59.790,<ios><swift>,18
38466703,38446097,365,2854405,2854405,,2017-08-30T13:23:33.297,2017-08-30T13:23:33.297,<swift><xcode8><xcode8-beta3>,13
3809435,3809401,365,165839,8743681,,2018-01-01T09:24:41.590,2018-01-01T09:24:41.590,<javascript><regex>,33
3855394,901115,1201,340760,6877799,,2018-07-16T08:58:08.143,2018-07-16T08:58:08.143,<javascript><url><plugins><query-string>,24
39347461,39346231,33,5304286,-1,,2017-05-23T11:54:59.990,2016-11-29T22:43:01.063,<ios><nsurlsession><ios10><nsurlsessiondownloadtask>,31
3879077,3878624,194,6309,6309,,2017-07-31T20:14:45.787,2017-07-31T20:14:45.787,<git>,22
3886106,3885817,1075,80860,253468,,2016-02-08T15:12:54.817,2016-02-08T15:12:54.817,<javascript><types><numbers>,23
39600793,39548175,97,121278,1751946,,2017-06-06T09:25:08.100,2017-06-06T09:25:08.100,<javascript><webpack><bundle><webpack-plugin><commonschunkplugin>,15
417184,417142,4206,6521,155077,Paul Dixon,2018-03-21T14:12:54.810,2018-03-21T14:12:54.810,<http><url><browser><max><content-length>,14
424142,424071,2907,8985,8985,Ryan McGeary,2016-06-07T19:18:14.613,2016-06-07T19:18:14.613,<git><git-show>,23
436040,426026,281,23843,-1,MilanG,2017-05-23T11:54:47.530,2014-07-10T15:18:45.400,<windows><git><cygwin><msysgit>,19
442474,442404,262,12161,1224186,,2015-09-27T01:42:32.870,2015-09-27T01:42:32.870,<javascript><html><css><dom><position>,13
449000,448981,924,43089,4967412,Triptych,2016-08-16T00:44:30.500,2016-08-16T00:44:30.500,<css><css-selectors>,13
461224,461203,1325,20984,933810,Luc Touraille,2018-02-28T18:02:10.210,2018-02-28T18:02:10.210,<c++><polymorphism><virtual-destructor>,12
467053,466764,466,6309,832370,VonC,2018-01-17T15:25:18.110,2018-01-17T15:25:18.110,<git><ignore>,16
3933864,3933637,32,187690,187690,,2015-07-16T19:03:26.380,2015-07-16T19:03:26.380,<c++><operator-overloading><assignment-operator>,12
3935554,1249548,385,199217,-1,,2017-05-23T11:47:36.153,2015-08-17T00:27:35.920,<r><visualization><ggplot2>,14
4026828,1187518,751,121607,3509591,,2018-01-17T20:54:45.013,2018-01-17T20:54:45.013,<javascript><arrays><array-difference>,17
4030983,4030959,47,87234,-1,,2017-05-23T10:29:40.617,2011-02-04T02:16:44.027,<c++><compiler-warnings>,16
4050444,4049856,27,314056,-1,,2017-05-23T11:53:31.703,2014-05-02T15:06:56.697,<php><path><realpath>,18
4095133,4094699,146,463115,1012053,,2018-08-04T13:40:11.107,2018-08-04T13:40:11.107,<windows><parsing><batch-file><cmd><variable-expansion>,26
4114122,4114095,7912,119963,297468,,2018-04-04T17:54:07.537,2018-04-04T17:54:07.537,<git><git-checkout><git-reset><git-revert>,66
4116124,4116067,973,225727,1863692,,2015-03-04T02:13:52.273,2015-03-04T02:13:52.273,<ruby-on-rails><ruby-on-rails-3><rake>,20
4128377,4128323,421,427328,427328,,2012-12-20T05:55:32.480,2012-12-20T05:55:32.480,<php><arrays><multidimensional-array>,20
4139331,4139219,1122,498666,1033581,,2017-06-29T17:27:57.570,2017-06-29T17:27:57.570,<ios><objective-c><grand-central-dispatch><objective-c-blocks>,20
4158763,3987683,2134,200266,82952,,2018-01-12T22:45:18.757,2018-01-12T22:45:18.757,<installation><versioning><homebrew>,43
4158997,4158900,42,12711,-1,,2017-05-23T10:30:52.530,2014-11-14T08:24:38.133,<c++><c><gcc><resources><embedded-resource>,14
4215753,4215737,397,182668,3735060,,2017-01-04T21:08:58.650,2017-01-04T21:08:58.650,<javascript><arrays><node.js><object>,15
4234491,4231382,658,471272,102937,,2015-12-16T21:02:31.700,2015-12-16T21:02:31.700,<html><regex><parsing>,14
4330694,418898,768,527379,102401,,2015-06-04T00:48:06.170,2015-06-04T00:48:06.170,<sql><sqlite><upsert>,16
4398752,58743,193,355257,546730,,2012-02-11T18:16:39.177,2012-02-11T18:16:39.177,<.net><wpf>,12
4407335,826782,6408,370286,370286,,2017-08-29T08:37:39.523,2017-08-29T08:37:39.523,<css><cross-browser><highlighting><textselection>,46
4454754,3777075,513,788374,792066,,2018-05-25T13:24:34.937,2018-05-25T13:24:34.937,<git><ssl><github><cygwin><ssl-certificate>,24
479417,479410,283,42124,107625,,2016-09-30T13:05:18.140,2016-09-30T13:05:18.140,<c#><enums><tostring>,15
487049,486896,158,13018,2790048,annakata,2015-06-24T08:30:34.403,2015-06-24T08:30:34.403,<javascript><url><parsing><parameters><query-string>,15
487278,487258,6120,18393,707111,user289086,2017-06-30T03:17:23.897,2017-06-30T03:17:23.897,<algorithm><complexity-theory><computer-science><big-o><time-complexity>,33
487757,487661,273,36860,3740093,user6836841,2018-05-22T23:30:29.603,2018-05-22T23:30:29.603,<c#><.net><winforms><paint>,12
488073,487073,1138,41669,1068131,,2016-10-13T14:27:21.923,2016-10-13T14:27:21.923,<javascript><jquery><scroll>,18
500459,500431,2279,43089,295783,Triptych,2018-08-20T10:07:51.757,2018-08-20T10:07:51.757,<javascript><function><variables><scope><var>,22
501461,501407,640,28804,-1,,2017-12-01T10:17:22.020,2017-12-01T10:17:22.020,<git><git-merge>,15
506004,503093,13060,8985,8985,,2018-03-07T19:05:14.547,2018-03-07T19:05:14.547,<javascript><jquery><redirect>,22
513839,513832,5004,2603,85421,zacherates,2018-07-12T13:27:59.673,2018-07-12T13:27:59.673,<java><string><equality>,51
522874,19147,447,51170,51170,,2014-08-01T17:33:53.997,2014-08-01T17:33:53.997,<c#><.net><wpf><mutex>,36
4467012,4465948,440,53013,-1,,2017-05-23T12:18:15.267,2014-08-12T13:10:56.103,<scala><implicits>,12
4471202,4470108,1050,2988,2988,,2015-12-11T07:25:02.373,2015-12-11T07:25:02.373,<ruby><monkeypatching>,11
4488149,4486034,886,544406,544406,,2017-05-31T09:56:34.270,2017-05-31T09:56:34.270,<android><android-activity><view>,12
46463247,45758852,40,8417384,8417384,,2018-04-06T09:14:16.407,2018-04-06T09:14:16.407,<angular><typescript><google-analytics><typescript-typings>,14
4530166,4530069,258,245706,245706,,2018-01-31T21:11:38.617,2018-01-31T21:11:38.617,<python><datetime><date><timezone>,14
4546093,4545937,142,41619,-1,,2017-05-23T12:10:47.363,2017-02-11T01:28:36.613,<java><file>,15
4583502,4568645,1198,561059,213682,,2011-04-30T11:53:28.363,2011-04-30T11:53:28.363,<c++><c><printf>,25
4605068,4604663,432,218956,107294,,2018-03-21T06:31:47.253,2018-03-21T06:31:47.253,<git><version-control><github>,19
4616720,4616694,1161,114251,3130281,,2017-07-12T16:07:33.083,2017-07-12T16:07:33.083,<javascript><javascript-events>,16
4635991,4635936,86,424004,424004,,2012-04-23T20:50:58.337,2012-04-23T20:50:58.337,<php><image><http><getimagesize>,20
4673436,610406,1284,2733,5211833,,2016-06-29T16:25:30.887,2016-06-29T16:25:30.887,<javascript><printf><string.format>,33
4694816,1755144,123,461096,461096,,2013-02-20T23:01:37.017,2013-02-20T23:01:37.017,<php><regex><domain-name>,12
4732119,4636456,34,86967,-1,,2017-05-23T10:30:52.590,2011-02-26T02:57:43.023,<c++><linux><gcc><stack-trace>,14
4737265,2150078,625,440602,4542217,,2016-09-20T10:12:19.587,2016-09-20T10:12:19.587,<android><visibility><android-softkeyboard>,63
4749368,4749330,499,14637,229792,,2014-07-16T09:57:16.683,2014-07-16T09:57:16.683,<string><bash><file>,19
4760517,4760215,724,577088,-1,,2017-05-23T12:03:09.083,2017-04-15T20:38:51.917,<python><shell><subprocess>,23
4782927,4782757,294,178761,2296458,,2015-01-03T00:40:01.483,2015-01-03T00:40:01.483,<c++><constructor><c++11><rvalue-reference><rule-of-three>,15
4793630,4793604,925,70393,938236,,2014-07-19T12:08:24.307,2014-07-19T12:08:24.307,<javascript><dom><insert><append>,11
4797069,4797050,485,68105,8262572,,2018-05-25T21:22:07.670,2018-05-25T21:22:07.670,<linux><background-process>,16
4812022,4811822,153,96100,96100,,2016-12-02T10:43:58.223,2016-12-02T10:43:58.223,<javascript><textrange>,28
4819886,4817029,554,164082,164082,,2018-05-17T12:47:43.510,2018-05-17T12:47:43.510,<javascript><jquery><touch>,27
4878259,4878159,437,244296,300187,,2017-02-22T07:04:48.883,2017-02-22T07:04:48.883,<java><android><sharing>,13
4883967,4883891,187,73673,73673,,2013-05-04T15:05:44.367,2013-05-04T15:05:44.367,<ruby-on-rails><logging><production-environment>,10
4898840,4898574,58,601224,295783,,2017-03-15T13:27:37.657,2017-03-15T13:27:37.657,<javascript><datetime><time><formatting>,15
4915359,4914008,53,355230,128421,,2016-08-03T20:46:04.277,2016-08-03T20:46:04.277,<python><parsing>,13
4919231,4919076,357,287047,287047,,2016-11-24T09:14:17.853,2016-11-24T09:14:17.853,<css>,23
4960020,4959975,1569,529548,1114,,2016-04-10T09:32:54.730,2016-04-10T09:32:54.730,<javascript><random>,26
4983354,2385799,1004,155585,3906189,,2017-03-13T13:50:37.327,2017-03-13T13:50:37.327,<ruby-on-rails><ruby><http><http-status-code-404>,22
538238,538060,2311,12597,18797,,2017-11-28T16:08:51.560,2017-11-28T16:08:51.560,<c#><.net><garbage-collection><idisposable>,63
542142,541920,672,18154,884463,,2017-08-06T11:12:24.010,2017-08-06T11:12:24.010,<java><html><javadoc>,12
543329,543263,79,22656,-1,Jon Skeet,2017-05-23T11:46:51.377,2011-07-13T10:10:36.397,<c#><.net><unit-testing><testing><assert>,11
553869,553682,848,20984,-1,Luc Touraille,2017-05-23T12:34:59.060,2014-06-25T06:50:17.203,<c++><forward-declaration><c++-faq>,22
566752,566746,65,55925,836407,Johannes Wei&#223;,2012-11-14T19:38:02.630,2012-11-14T19:38:02.630,<python><linux><console><terminal><width>,21
574698,386294,1013,63349,59087,Dominic Sayers,2017-11-13T22:18:27.710,2017-11-13T22:18:27.710,<validation><email><max><email-address>,16
574736,574691,323,14131,172322,Pavel Chuchuva,2014-03-03T19:38:48.693,2014-03-03T19:38:48.693,<php><mysql><great-circle>,18
588442,135688,609,56039,63550,,2018-08-26T19:47:58.193,2018-08-26T19:47:58.193,<macos><bash><path><environment-variables>,24
5078596,1713771,255,471341,1207489,,2018-02-06T14:18:50.603,2018-02-06T14:18:50.603,<javascript><browser><zoom><detection>,30
5106399,5105354,481,608805,1224741,,2016-06-01T21:58:51.843,2016-06-01T21:58:51.843,<android><keyboard><focus><android-edittext><android-softkeyboard>,17
5110476,4750939,91,614451,514483,,2014-02-20T21:43:20.110,2014-02-20T21:43:20.110,<android><animation><background><android-animation><drawable>,14
5114361,2002288,1150,633674,63550,,2015-11-15T07:28:25.477,2015-11-15T07:28:25.477,<android><android-context>,27
5118406,1000040,206,261782,64329,,2012-09-03T14:35:42.627,2012-09-03T14:35:42.627,<c#><wpf><mvvm><treeview><selecteditem>,17
5198968,5198716,172,72508,72508,,2015-01-22T15:13:43.810,2015-01-22T15:13:43.810,<iphone><xcode>,12
5201642,5189560,2635,193688,308315,,2015-03-19T14:40:49.807,2015-03-19T14:40:49.807,<git><squash><git-squash>,27
5255108,388483,336,729395,1464298,,2015-07-02T07:36:39.740,2015-07-02T07:36:39.740,<asp.net><asp.net-mvc>,15
5306832,5306680,523,236139,236139,,2018-03-22T17:29:24.390,2018-03-22T17:29:24.390,<javascript><arrays>,11
5344074,122102,1904,69959,5601591,,2018-04-07T01:18:24.947,2018-04-07T01:18:24.947,<javascript><object><clone>,29
5393324,1357639,353,174284,3424335,,2015-12-07T12:37:40.360,2015-12-07T12:37:40.360,<ruby-on-rails><ruby><rake>,13
5443941,5442910,335,4279,1797327,,2016-06-09T18:29:29.460,2016-06-09T18:29:29.460,<python><multiprocessing>,12
5535672,5033012,1068,210130,-1,,2017-05-23T12:26:27.257,2014-11-06T08:31:11.043,<android><textview><scale><android-textview><textwrapping>,76
